org_id,sector,ai_present,adoption_level,ai_tools_count,manager_training,governance_present,hybrid_ratio_pct,productivity_change_pct,employee_trust_score,performance_outcome
ORG0001,Finance,0,None,0,0,0,44.715328071510385,3.55,3,0
ORG0002,Technology,0,None,0,0,0,31.48794564576229,3.66,3,0
ORG0003,Technology,0,None,0,0,0,27.95788421097572,1.59,2,0
ORG0004,Finance,1,Strategic,2,1,1,28.014053696446148,7.93,3,1
ORG0005,Technology,1,Strategic,1,1,1,25.996192248411326,6.89,4,1
ORG0006,Finance,1,Strategic,4,1,1,25.46660389588041,5.44,4,1
ORG0007,Services,1,Reactive,1,0,0,28.090418435603187,4.11,3,0
ORG0008,Technology,0,None,0,0,0,8.554397669558991,-0.85,3,0
ORG0009,Technology,0,None,0,0,0,50.46499283743927,2.36,2,0
ORG0010,Education,1,Reactive,3,0,0,30.361814362231783,-0.08,3,0
ORG0011,Manufacturing,1,Strategic,2,0,0,13.71874312112896,7.08,3,1
ORG0012,Technology,1,Strategic,6,1,0,35.285004965932245,7.74,3,1
ORG0013,Services,1,Reactive,2,0,0,0.0,2.69,3,0
ORG0014,Finance,0,None,0,0,0,30.66294715295087,0.93,1,0
ORG0015,Manufacturing,1,Transformative,3,0,1,35.9034531491154,13.93,3,1
ORG0016,Technology,1,Transformative,7,1,1,39.523210135004184,8.01,4,1
ORG0017,Technology,1,Strategic,3,0,0,21.208636486492953,8.1,2,0
ORG0018,Services,0,None,0,0,0,30.169077256914868,2.13,2,0
ORG0019,Education,1,Strategic,9,1,0,38.39432404248312,6.69,3,1
ORG0020,Manufacturing,1,Reactive,3,1,0,16.747176614611416,3.64,4,0
ORG0021,Technology,1,Reactive,4,0,1,31.03014750143066,7.44,4,1
ORG0022,Finance,1,Strategic,3,1,1,22.142636653755762,4.75,4,1
ORG0023,Services,0,None,0,0,0,28.21306651482996,2.05,4,0
ORG0024,Finance,1,Strategic,4,0,1,29.867874310919284,7.11,4,1
ORG0025,Manufacturing,1,Strategic,11,1,0,23.407621781936424,4.53,2,0
ORG0026,Healthcare,1,Reactive,0,0,0,36.22811209079484,1.06,4,0
ORG0027,Technology,1,Strategic,1,1,1,70.83553936088694,8.69,5,1
ORG0028,Services,1,Reactive,1,1,0,47.431489664073126,3.01,3,0
ORG0029,Finance,1,Reactive,2,0,0,66.8323429551895,4.06,2,0
ORG0030,Finance,1,Reactive,0,0,0,27.73648890700623,2.89,3,0
ORG0031,Healthcare,1,Strategic,4,1,0,56.619099335991734,2.13,4,0
ORG0032,Manufacturing,1,Reactive,3,0,0,35.1534959152938,0.77,4,0
ORG0033,Healthcare,0,None,0,0,0,41.58990710155151,0.28,2,0
ORG0034,Finance,0,None,0,0,0,38.1139739192858,-0.74,3,0
ORG0035,Manufacturing,1,Transformative,8,1,0,58.292896637589884,8.12,3,1
ORG0036,Services,1,Transformative,3,1,0,38.924345839587,9.65,3,1
ORG0037,Services,1,Strategic,5,1,0,24.51280132862124,4.98,1,0
ORG0038,Services,1,Reactive,1,0,1,61.55647274850078,2.49,3,0
ORG0039,Technology,0,None,0,0,0,27.93442541572516,0.96,2,0
ORG0040,Education,0,None,0,0,0,13.888043384351672,-0.94,3,0
ORG0041,Manufacturing,1,Strategic,1,0,0,24.764860983197693,4.9,4,1
ORG0042,Healthcare,0,None,0,0,0,46.5629465219606,-2.39,2,0
ORG0043,Education,1,Transformative,4,1,0,42.10441081591347,9.11,4,1
ORG0044,Manufacturing,1,Strategic,1,0,1,41.09340027574893,9.38,3,1
ORG0045,Finance,1,Strategic,5,1,1,43.57021265490182,6.94,4,1
ORG0046,Finance,0,None,0,0,0,57.149879381444435,0.35,3,0
ORG0047,Education,0,None,0,0,0,39.43216286634775,-1.69,3,0
ORG0048,Education,0,None,0,0,0,33.7037973975258,-4.4,2,0
ORG0049,Finance,1,Transformative,10,0,0,50.90670221165702,12.08,2,1
ORG0050,Manufacturing,1,Transformative,5,1,0,30.442033468536092,10.29,4,1
ORG0051,Manufacturing,1,Reactive,2,0,0,30.958897483331633,3.44,4,0
ORG0052,Finance,1,Transformative,8,0,1,36.111421706296625,9.73,3,1
ORG0053,Technology,1,Transformative,2,1,1,27.04613572441339,7.41,4,1
ORG0054,Technology,1,Strategic,5,0,0,19.47136516370939,6.7,2,0
ORG0055,Manufacturing,1,Reactive,2,0,0,47.771031385682434,0.02,3,0
ORG0056,Healthcare,1,Strategic,2,1,0,49.52934734456632,2.88,2,0
ORG0057,Finance,1,Transformative,7,1,1,21.865726199228643,6.23,4,1
ORG0058,Finance,0,None,0,0,0,63.64124960705196,-2.3,3,0
ORG0059,Technology,1,Reactive,1,0,0,0.0,3.37,3,0
ORG0060,Education,0,None,0,0,0,33.72636751256252,-0.95,2,0
ORG0061,Manufacturing,0,None,0,0,0,65.64980734523458,3.74,3,0
ORG0062,Technology,1,Strategic,3,1,0,23.57397626408271,4.87,2,0
ORG0063,Healthcare,1,Reactive,3,0,0,51.59493657242664,3.54,2,0
ORG0064,Finance,1,Transformative,4,0,0,71.50772117603624,9.98,4,1
ORG0065,Education,1,Transformative,8,1,1,24.85380469273942,4.54,4,1
ORG0066,Healthcare,1,Transformative,6,1,1,22.34682556631794,10.02,4,1
ORG0067,Healthcare,0,None,0,0,0,27.689074641182785,1.31,2,0
ORG0068,Manufacturing,1,Strategic,4,0,1,22.74497841108659,7.57,3,1
ORG0069,Technology,1,Strategic,4,0,1,37.55891305371295,6.67,3,1
ORG0070,Services,1,Strategic,0,1,1,0.1292050782139782,8.56,4,1
ORG0071,Services,1,Reactive,4,0,0,73.0803665260623,3.05,2,0
ORG0072,Finance,0,None,0,0,0,32.99898713162684,2.2,1,0
ORG0073,Services,1,Reactive,1,1,0,31.313854038710836,1.45,1,0
ORG0074,Services,1,Strategic,3,0,0,34.18557700223282,3.4,3,0
ORG0075,Services,1,Strategic,3,1,1,34.50870094676002,3.91,3,0
ORG0076,Manufacturing,1,Strategic,2,1,0,36.596453415378456,2.18,2,0
ORG0077,Manufacturing,1,Reactive,1,0,1,24.43294844810705,0.54,4,0
ORG0078,Technology,1,Reactive,5,0,0,33.044822810191874,3.19,3,0
ORG0079,Technology,1,Reactive,4,0,0,24.43484464185861,-0.82,2,0
ORG0080,Manufacturing,1,Strategic,7,1,0,44.0901492701846,9.31,3,1
ORG0081,Finance,1,Transformative,2,0,1,10.556105210355092,10.1,5,1
ORG0082,Education,1,Reactive,4,0,1,45.76387369689575,1.68,4,0
ORG0083,Finance,1,Reactive,0,0,1,13.484525492617315,3.16,3,0
ORG0084,Finance,1,Reactive,3,0,0,23.023414288744195,0.85,3,0
ORG0085,Healthcare,1,Reactive,0,1,0,34.47517264254557,5.54,2,0
ORG0086,Technology,0,None,0,0,0,62.186728369953926,1.76,3,0
ORG0087,Finance,1,Strategic,3,1,1,50.9685301704005,5.24,4,1
ORG0088,Manufacturing,1,Transformative,6,1,1,44.279929395648985,10.64,4,1
ORG0089,Technology,1,Reactive,4,1,1,13.922601164533102,3.0,3,0
ORG0090,Manufacturing,1,Reactive,3,0,1,54.168902438572474,2.16,4,0
ORG0091,Services,0,None,0,0,0,27.240673248494417,3.32,4,0
ORG0092,Education,0,None,0,0,0,29.557421593405113,-0.39,4,0
ORG0093,Finance,1,Reactive,1,0,0,5.994825483386595,-0.41,2,0
ORG0094,Services,0,None,0,0,0,45.239348546857194,0.17,2,0
ORG0095,Education,0,None,0,0,0,69.64584133109281,-0.83,4,0
ORG0096,Healthcare,1,Reactive,2,0,0,59.316628366815735,1.25,2,0
ORG0097,Manufacturing,1,Reactive,1,1,0,58.212578019950925,5.59,2,0
ORG0098,Services,0,None,0,0,0,29.184476600960238,1.07,3,0
ORG0099,Manufacturing,1,Reactive,2,0,0,27.23583051445743,2.45,3,0
ORG0100,Healthcare,1,Transformative,13,1,1,52.82589910172126,8.26,3,1
ORG0101,Manufacturing,1,Transformative,1,0,1,37.86648602029855,9.09,3,1
ORG0102,Manufacturing,1,Transformative,8,1,1,46.193803490408314,11.15,3,1
ORG0103,Technology,1,Reactive,4,0,0,58.482860438515104,1.87,2,0
ORG0104,Finance,0,None,0,0,0,63.21735604160885,-2.4,1,0
ORG0105,Technology,0,None,0,0,0,19.6815077430393,1.92,3,0
ORG0106,Manufacturing,1,Transformative,8,1,1,26.538820538949075,6.5,5,1
ORG0107,Education,1,Transformative,6,1,0,37.94781754552205,10.42,3,1
ORG0108,Technology,1,Strategic,3,1,0,56.601758231742096,3.73,3,0
ORG0109,Healthcare,1,Reactive,2,0,0,40.58197086639741,2.96,3,0
ORG0110,Technology,1,Transformative,3,1,1,26.4349292054064,9.42,2,1
ORG0111,Technology,1,Reactive,0,0,0,61.96529790274284,3.28,2,0
ORG0112,Technology,1,Strategic,4,0,0,43.58874172034238,6.79,3,1
ORG0113,Finance,0,None,0,0,0,54.76091098451489,0.9,4,0
ORG0114,Healthcare,1,Reactive,2,0,0,24.662182728656482,3.05,2,0
ORG0115,Manufacturing,1,Strategic,5,0,0,51.36569153247001,4.78,3,0
ORG0116,Finance,1,Strategic,8,0,0,48.09737822928723,6.6,3,1
ORG0117,Technology,1,Strategic,5,0,0,34.61668893512832,7.35,3,1
ORG0118,Finance,1,Strategic,5,0,0,29.44078501870841,1.89,3,0
ORG0119,Technology,1,Strategic,4,1,1,47.70618514977552,7.45,4,1
ORG0120,Education,1,Transformative,4,1,1,33.657160846281414,8.74,3,1
ORG0121,Services,1,Strategic,2,1,0,37.09013890431896,5.91,3,1
ORG0122,Healthcare,1,Strategic,5,1,0,51.28799512801709,3.75,4,0
ORG0123,Education,1,Strategic,5,0,1,37.96348985258573,5.9,3,1
ORG0124,Manufacturing,1,Strategic,4,1,1,45.02611941413548,5.68,5,1
ORG0125,Manufacturing,0,None,0,0,0,9.728219077693069,-1.37,4,0
ORG0126,Manufacturing,0,None,0,0,0,43.54925458012073,3.08,3,0
ORG0127,Technology,1,Reactive,2,0,0,11.709093982759434,1.39,2,0
ORG0128,Technology,1,Strategic,4,0,0,25.985390554949582,2.69,2,0
ORG0129,Finance,1,Strategic,3,0,1,46.38392884680148,5.56,4,1
ORG0130,Technology,0,None,0,0,0,34.06110308150716,-1.01,3,0
ORG0131,Healthcare,1,Reactive,2,0,1,20.155577951444936,3.88,3,0
ORG0132,Technology,1,Reactive,0,0,1,31.63050275004463,-1.19,4,0
ORG0133,Services,1,Transformative,10,1,1,16.342051469130723,7.61,3,1
ORG0134,Education,1,Strategic,5,1,1,48.42386565416662,7.45,5,1
ORG0135,Healthcare,1,Strategic,4,0,0,49.64575930193154,7.21,3,1
ORG0136,Healthcare,1,Reactive,1,0,1,26.987774754678547,0.7,3,0
ORG0137,Technology,1,Reactive,4,1,0,53.41503488709938,-0.42,4,0
ORG0138,Healthcare,1,Strategic,3,0,0,41.28528514049068,8.17,3,1
ORG0139,Finance,1,Transformative,8,0,1,27.087960145792156,9.72,4,1
ORG0140,Manufacturing,1,Reactive,0,0,0,43.73593939976094,2.17,3,0
ORG0141,Finance,1,Strategic,6,0,1,28.421191906140564,7.33,4,1
ORG0142,Finance,1,Strategic,7,1,1,43.99391169922241,7.78,4,1
ORG0143,Technology,1,Strategic,1,1,0,42.6163650546725,5.11,2,0
ORG0144,Healthcare,1,Reactive,2,0,0,25.302057182113437,0.62,3,0
ORG0145,Services,1,Strategic,1,0,0,25.798960046885902,4.4,3,0
ORG0146,Healthcare,0,None,0,0,0,37.55624333563232,1.37,4,0
ORG0147,Finance,1,Strategic,4,1,0,43.12194092307182,6.52,2,0
ORG0148,Technology,1,Strategic,1,1,1,0.0,3.01,4,0
ORG0149,Healthcare,1,Transformative,6,1,1,39.27334838858298,9.41,4,1
ORG0150,Finance,1,Transformative,7,1,0,18.18766451719419,9.92,2,1
ORG0151,Healthcare,1,Reactive,0,0,1,14.793105657054554,0.06,4,0
ORG0152,Manufacturing,1,Reactive,2,0,0,25.146585815429063,3.99,2,0
ORG0153,Manufacturing,1,Reactive,3,0,0,56.83428035121675,5.6,3,0
ORG0154,Manufacturing,1,Reactive,2,1,0,43.901437597904135,3.16,3,0
ORG0155,Technology,1,Reactive,5,1,0,31.269633107246793,5.21,3,0
ORG0156,Manufacturing,1,Reactive,1,0,1,46.02316679074726,1.81,4,0
ORG0157,Manufacturing,0,None,0,0,0,35.45718275398497,-2.48,3,0
ORG0158,Healthcare,1,Strategic,6,1,1,45.85420428766669,6.66,3,1
ORG0159,Services,1,Strategic,4,0,0,39.16974597114063,7.91,2,0
ORG0160,Technology,1,Transformative,7,0,1,18.40537728157487,5.95,4,1
ORG0161,Education,1,Strategic,3,1,1,59.46393771894411,6.91,3,1
ORG0162,Education,1,Reactive,4,0,0,47.41775143943627,1.14,2,0
ORG0163,Finance,1,Reactive,5,0,1,31.602738517252522,0.08,3,0
ORG0164,Healthcare,1,Reactive,0,0,0,51.33122929556279,2.28,2,0
ORG0165,Finance,0,None,0,0,0,28.009452471976367,-2.69,3,0
ORG0166,Healthcare,1,Reactive,3,0,1,27.00948740507133,2.71,3,0
ORG0167,Technology,1,Strategic,1,0,0,21.830261198651584,3.35,3,0
ORG0168,Finance,1,Strategic,1,0,0,40.510482602242675,5.2,2,0
ORG0169,Finance,1,Transformative,6,1,1,18.344007240559687,10.13,3,1
ORG0170,Services,1,Reactive,1,0,0,71.22186497987947,2.4,4,0
ORG0171,Healthcare,1,Transformative,5,1,1,28.274296714191767,13.02,5,1
ORG0172,Healthcare,1,Strategic,2,0,0,19.48440758114603,3.58,2,0
ORG0173,Finance,1,Strategic,6,1,1,34.08434861795006,3.53,4,0
ORG0174,Healthcare,1,Strategic,5,0,0,48.21927172149153,8.75,4,1
ORG0175,Education,1,Transformative,8,1,1,20.673161309759706,9.85,5,1
ORG0176,Technology,0,None,0,0,0,18.987006286185906,0.55,4,0
ORG0177,Services,1,Transformative,4,1,1,52.81079077347127,14.18,4,1
ORG0178,Technology,1,Reactive,2,1,1,39.886944748732496,4.63,4,1
ORG0179,Healthcare,1,Strategic,3,0,0,26.520728354013773,4.18,2,0
ORG0180,Manufacturing,1,Strategic,5,1,1,4.554891983906266,4.07,4,0
ORG0181,Technology,0,None,0,0,0,43.80040702212912,-0.45,3,0
ORG0182,Manufacturing,1,Reactive,4,0,0,14.810304796298773,3.27,4,0
ORG0183,Finance,0,None,0,0,0,45.08860551804097,4.3,3,0
ORG0184,Healthcare,0,None,0,0,0,20.382060429940378,-3.85,3,0
ORG0185,Services,1,Strategic,7,1,1,48.329941303264405,3.95,4,0
ORG0186,Technology,1,Strategic,0,1,0,29.202849241220388,1.23,3,0
ORG0187,Healthcare,1,Reactive,5,1,0,33.433261721937924,1.66,3,0
ORG0188,Technology,0,None,0,0,0,52.42817453912286,-1.35,3,0
ORG0189,Technology,0,None,0,0,0,49.62796444673644,1.5,3,0
ORG0190,Healthcare,1,Reactive,4,0,1,50.01569138850712,5.28,4,1
ORG0191,Technology,1,Reactive,5,0,0,33.41704921996539,1.63,2,0
ORG0192,Technology,1,Reactive,1,1,0,1.8837362542614642,-1.01,3,0
ORG0193,Technology,1,Reactive,0,0,0,30.36186384425205,0.5,3,0
ORG0194,Healthcare,1,Transformative,8,1,1,55.10675669034717,7.58,3,1
ORG0195,Finance,1,Transformative,4,1,1,27.754084224748407,9.29,5,1
ORG0196,Technology,1,Strategic,3,1,0,48.452589737982976,6.02,3,1
ORG0197,Manufacturing,1,Strategic,7,0,0,17.844106890190073,5.22,3,0
ORG0198,Finance,1,Strategic,7,1,0,31.878247140911903,3.11,2,0
ORG0199,Education,1,Transformative,9,0,0,18.414429972710963,8.57,3,1
ORG0200,Technology,1,Strategic,2,0,0,46.6949079840401,6.93,4,1
ORG0201,Finance,1,Transformative,2,1,1,43.194263720055496,9.01,3,1
ORG0202,Technology,1,Reactive,1,0,1,33.35585294111254,1.81,4,0
ORG0203,Services,1,Transformative,6,0,1,58.59221961375772,9.5,3,1
ORG0204,Finance,1,Reactive,3,0,0,53.415813157087676,-0.15,3,0
ORG0205,Finance,1,Strategic,5,1,1,34.54783595718723,3.86,3,0
ORG0206,Services,0,None,0,0,0,38.61387495934203,1.03,4,0
ORG0207,Education,1,Transformative,9,1,1,21.414015487060716,7.69,3,1
ORG0208,Healthcare,1,Strategic,6,0,1,55.61657139756226,4.61,4,1
ORG0209,Education,0,None,0,0,0,43.90335083421293,-5.38,3,0
ORG0210,Technology,1,Strategic,2,0,1,37.92104292078162,3.75,4,0
ORG0211,Technology,0,None,0,0,0,49.2968756806413,1.53,3,0
ORG0212,Manufacturing,1,Strategic,4,0,1,42.742674306724375,4.67,3,0
ORG0213,Finance,1,Reactive,1,0,1,35.45286180815233,3.22,3,0
ORG0214,Healthcare,0,None,0,0,0,31.708342825327055,0.14,3,0
ORG0215,Technology,1,Reactive,4,0,0,11.888104363536996,1.73,3,0
ORG0216,Manufacturing,1,Strategic,4,1,1,35.347080846472515,2.79,4,0
ORG0217,Manufacturing,0,None,0,0,0,38.54872626314296,3.24,2,0
ORG0218,Manufacturing,1,Strategic,3,1,0,35.9790229301383,5.0,3,0
ORG0219,Technology,1,Strategic,0,1,1,47.37647397001452,3.27,3,0
ORG0220,Finance,1,Transformative,8,1,1,30.44410956835003,11.85,4,1
ORG0221,Technology,1,Strategic,4,0,1,44.23656724656712,7.41,4,1
ORG0222,Services,1,Strategic,2,1,0,28.247161027228827,4.09,4,0
ORG0223,Education,0,None,0,0,0,44.333107160651025,-1.78,4,0
ORG0224,Technology,1,Strategic,6,1,0,33.863535701968104,4.34,3,0
ORG0225,Finance,1,Reactive,1,0,0,12.120213646498165,-0.27,3,0
ORG0226,Finance,1,Strategic,8,1,0,0.0,4.52,3,0
ORG0227,Finance,1,Reactive,1,1,0,37.47141261854775,2.1,3,0
ORG0228,Education,1,Strategic,4,1,0,38.659297968627506,5.04,3,0
ORG0229,Services,1,Strategic,4,1,0,42.47332622745178,7.28,4,1
ORG0230,Finance,1,Transformative,4,1,1,19.773587122581972,7.33,5,1
ORG0231,Technology,0,None,0,0,0,10.88508459322912,0.87,4,0
ORG0232,Technology,1,Transformative,3,1,1,35.10199766839997,9.9,4,1
ORG0233,Technology,0,None,0,0,0,35.7194216897232,1.16,3,0
ORG0234,Healthcare,1,Strategic,9,0,0,10.739555748371483,6.44,2,0
ORG0235,Manufacturing,1,Strategic,0,0,0,16.243883990454236,6.21,3,1
ORG0236,Manufacturing,1,Strategic,3,1,0,28.218645007503795,2.31,2,0
ORG0237,Manufacturing,0,None,0,0,0,36.50780141762243,1.68,4,0
ORG0238,Finance,1,Strategic,2,0,0,26.11600203762327,1.95,3,0
ORG0239,Technology,1,Reactive,4,1,0,22.923361401705613,3.92,3,0
ORG0240,Services,0,None,0,0,0,30.641373453539565,3.32,3,0
ORG0241,Healthcare,1,Reactive,2,0,0,35.16712344573136,3.42,4,0
ORG0242,Education,1,Strategic,4,0,1,29.46806094983247,6.38,2,0
ORG0243,Technology,0,None,0,0,0,24.02729894155505,-1.55,2,0
ORG0244,Technology,1,Transformative,8,1,1,23.764527935673566,11.92,2,1
ORG0245,Manufacturing,1,Strategic,4,0,0,11.173031893736628,6.59,3,1
ORG0246,Technology,1,Strategic,9,1,1,47.05047573231744,3.88,3,0
ORG0247,Finance,0,None,0,0,0,41.59251845930339,2.06,3,0
ORG0248,Services,1,Strategic,2,1,1,60.11738650021306,1.96,3,0
ORG0249,Manufacturing,0,None,0,0,0,42.50998582071814,0.6,3,0
ORG0250,Manufacturing,0,None,0,0,0,25.095182907898295,1.48,2,0
ORG0251,Healthcare,1,Reactive,1,1,0,40.64861022708686,3.62,2,0
ORG0252,Manufacturing,1,Transformative,4,0,1,46.58142183462934,11.5,3,1
ORG0253,Finance,1,Strategic,4,1,1,43.11585145238956,4.69,5,1
ORG0254,Manufacturing,1,Strategic,4,0,0,52.19935874842891,2.34,3,0
ORG0255,Services,1,Strategic,3,0,1,33.748430453144586,2.1,3,0
ORG0256,Manufacturing,0,None,0,0,0,19.940639418777522,-0.94,3,0
ORG0257,Technology,0,None,0,0,0,26.799798731191018,-0.04,4,0
ORG0258,Manufacturing,1,Reactive,3,1,0,55.10691577685522,3.31,2,0
ORG0259,Education,0,None,0,0,0,31.776344672748827,1.05,4,0
ORG0260,Manufacturing,1,Reactive,4,0,0,45.87085786841388,0.27,3,0
ORG0261,Manufacturing,0,None,0,0,0,10.918023654214306,-0.38,4,0
ORG0262,Technology,1,Strategic,2,0,0,27.613308885042233,5.72,3,0
ORG0263,Technology,1,Reactive,0,0,0,60.57521220810545,1.4,4,0
ORG0264,Technology,0,None,0,0,0,49.956406332418005,1.32,3,0
ORG0265,Education,0,None,0,0,0,13.993706595038486,0.91,4,0
ORG0266,Manufacturing,1,Reactive,2,0,1,45.220092547784134,3.62,3,0
ORG0267,Manufacturing,0,None,0,0,0,67.12074677766616,-1.0,3,0
ORG0268,Finance,1,Strategic,3,0,0,19.740141383038928,5.05,1,0
ORG0269,Technology,1,Transformative,4,1,1,46.85557844077567,9.68,4,1
ORG0270,Technology,1,Reactive,2,0,0,49.52276990799292,2.96,3,0
ORG0271,Finance,0,None,0,0,0,33.118186099956496,1.16,3,0
ORG0272,Services,0,None,0,0,0,1.7104944087869711,0.04,2,0
ORG0273,Healthcare,1,Reactive,5,1,0,20.182867481179702,3.07,2,0
ORG0274,Technology,1,Reactive,1,1,1,46.15723547750687,0.58,3,0
ORG0275,Technology,1,Strategic,2,0,0,50.32074943144097,9.18,2,1
ORG0276,Healthcare,1,Strategic,4,1,1,6.801134222914325,3.15,4,0
ORG0277,Finance,1,Strategic,4,1,0,74.31189636544963,2.78,4,0
ORG0278,Finance,1,Strategic,6,1,1,49.952881601987116,3.4,4,0
ORG0279,Finance,0,None,0,0,0,34.35764928032638,0.62,3,0
ORG0280,Services,1,Strategic,5,1,0,1.2966599902309213,2.49,2,0
ORG0281,Technology,1,Strategic,1,0,1,44.772829870092586,2.72,3,0
ORG0282,Education,1,Strategic,6,1,1,34.90218027155813,7.81,4,1
ORG0283,Technology,1,Transformative,9,1,0,25.54531281120528,6.98,2,0
ORG0284,Finance,0,None,0,0,0,24.689235318639497,-2.24,3,0
ORG0285,Technology,1,Strategic,6,0,1,22.738986546389754,3.78,3,0
ORG0286,Healthcare,1,Strategic,2,0,1,45.5177948910556,3.1,5,0
ORG0287,Finance,1,Reactive,2,0,1,16.469842742809927,4.33,4,0
ORG0288,Services,0,None,0,0,0,30.61610357147346,-0.44,3,0
ORG0289,Healthcare,1,Reactive,4,1,0,33.53994772005976,0.99,4,0
ORG0290,Healthcare,1,Strategic,3,1,0,26.036470463495508,5.77,4,1
ORG0291,Healthcare,1,Transformative,10,1,1,44.382620252465536,10.77,3,1
ORG0292,Healthcare,1,Strategic,5,1,1,36.85321543933374,5.81,3,0
ORG0293,Healthcare,1,Strategic,2,1,1,42.846185060035914,7.66,4,1
ORG0294,Education,0,None,0,0,0,42.49649657744034,-1.46,5,0
ORG0295,Finance,1,Strategic,3,1,1,33.89078651587411,4.1,4,0
ORG0296,Services,0,None,0,0,0,23.625768966686145,-1.76,3,0
ORG0297,Education,0,None,0,0,0,44.442943763327165,-1.11,3,0
ORG0298,Services,1,Transformative,4,1,0,25.52633406252003,8.59,2,0
ORG0299,Technology,1,Reactive,0,0,0,31.1573037125693,1.52,3,0
ORG0300,Finance,0,None,0,0,0,42.19162277129096,-1.91,2,0
ORG0301,Technology,1,Reactive,0,0,0,43.925441987533475,0.89,3,0
ORG0302,Education,1,Reactive,2,0,0,21.09952536729034,2.37,5,0
ORG0303,Technology,1,Reactive,2,0,0,33.2485112630713,0.73,4,0
ORG0304,Healthcare,1,Transformative,10,0,1,30.181358508231327,10.9,3,1
ORG0305,Finance,1,Strategic,4,0,0,68.281703501722,4.68,3,0
ORG0306,Finance,1,Reactive,1,0,0,12.250361758688133,2.88,2,0
ORG0307,Finance,0,None,0,0,0,36.01240521870913,1.39,3,0
ORG0308,Education,1,Reactive,2,0,1,20.059253209973388,0.64,3,0
ORG0309,Education,1,Reactive,3,0,1,3.6945947209689685,0.83,4,0
ORG0310,Services,1,Reactive,4,0,0,21.354748745272495,-3.5,2,0
ORG0311,Healthcare,0,None,0,0,0,27.106282152238684,3.28,3,0
ORG0312,Technology,1,Reactive,3,0,0,40.74483477111393,2.11,2,0
ORG0313,Finance,0,None,0,0,0,11.703019199467558,-0.1,3,0
ORG0314,Finance,1,Strategic,3,0,0,21.597601491685875,6.37,4,1
ORG0315,Services,1,Reactive,2,0,1,32.079540558249775,1.87,4,0
ORG0316,Services,1,Strategic,7,0,0,38.78360594640016,6.98,4,1
ORG0317,Manufacturing,0,None,0,0,0,18.675207694564193,-2.06,3,0
ORG0318,Finance,1,Transformative,3,0,1,23.009773199359906,9.65,3,1
ORG0319,Technology,0,None,0,0,0,36.27814174450852,-5.48,3,0
ORG0320,Manufacturing,1,Strategic,3,0,1,10.542901344272899,6.27,3,1
ORG0321,Finance,1,Transformative,4,0,0,22.458395061805994,5.23,3,0
ORG0322,Finance,1,Reactive,1,0,0,60.690015692578534,3.82,3,0
ORG0323,Finance,1,Strategic,5,0,1,42.00074351007773,6.01,4,1
ORG0324,Healthcare,1,Transformative,5,1,1,21.319188467691404,9.52,3,1
ORG0325,Finance,0,None,0,0,0,6.382886631839135,-1.22,3,0
ORG0326,Technology,1,Reactive,3,0,0,63.31531486010286,4.31,2,0
ORG0327,Finance,1,Reactive,2,0,0,42.26669907918407,2.92,2,0
ORG0328,Finance,0,None,0,0,0,1.455064575287821,1.17,4,0
ORG0329,Technology,1,Strategic,4,1,1,39.00009145674981,3.19,4,0
ORG0330,Technology,1,Strategic,4,1,1,42.31120890357265,2.86,2,0
ORG0331,Manufacturing,1,Reactive,1,0,0,33.599197116500775,0.94,2,0
ORG0332,Healthcare,1,Transformative,11,1,0,39.823898170088576,9.3,4,1
ORG0333,Education,1,Strategic,5,0,0,33.58311928336996,5.84,2,0
ORG0334,Manufacturing,0,None,0,0,0,54.191973974866265,0.24,3,0
ORG0335,Education,1,Transformative,6,1,1,41.75905119293808,5.26,3,0
ORG0336,Technology,1,Strategic,2,0,0,30.752916548843494,7.1,4,1
ORG0337,Technology,1,Reactive,1,1,1,26.091452419695468,1.79,4,0
ORG0338,Finance,1,Strategic,1,1,1,27.20037367388717,1.54,5,0
ORG0339,Services,1,Reactive,3,1,0,53.15365250760314,1.46,2,0
ORG0340,Technology,0,None,0,0,0,44.82560920672684,-3.47,2,0
ORG0341,Education,1,Reactive,2,1,0,45.096980310345685,-2.74,3,0
ORG0342,Education,1,Reactive,2,0,0,17.208961529008803,5.14,2,0
ORG0343,Technology,1,Reactive,1,1,1,12.998222140764845,1.0,4,0
ORG0344,Manufacturing,0,None,0,0,0,42.734421326659344,-1.71,3,0
ORG0345,Manufacturing,1,Strategic,8,1,0,69.22477754808264,3.76,2,0
ORG0346,Finance,1,Transformative,6,1,0,6.799849491383544,7.1,2,0
ORG0347,Manufacturing,1,Transformative,10,1,1,23.970448089770716,10.44,3,1
ORG0348,Manufacturing,1,Reactive,2,0,0,46.36242724006228,0.31,4,0
ORG0349,Healthcare,0,None,0,0,0,28.731356813511642,-3.55,2,0
ORG0350,Healthcare,1,Reactive,0,0,1,63.671286307095855,2.37,4,0
ORG0351,Healthcare,1,Reactive,2,0,0,41.61960727548869,0.53,3,0
ORG0352,Manufacturing,0,None,0,0,0,7.131478229025692,1.78,4,0
ORG0353,Manufacturing,0,None,0,0,0,21.783974950080616,-0.92,4,0
ORG0354,Healthcare,1,Strategic,3,1,1,56.54503108558968,3.48,4,0
ORG0355,Finance,1,Transformative,3,1,1,52.552980637949055,9.27,4,1
ORG0356,Healthcare,1,Strategic,2,1,1,43.31086656673861,3.74,3,0
ORG0357,Technology,0,None,0,0,0,56.27797017722055,-4.48,4,0
ORG0358,Finance,1,Strategic,3,0,1,40.07035221652562,8.46,4,1
ORG0359,Manufacturing,1,Transformative,3,1,1,66.2907057430567,6.97,3,1
ORG0360,Technology,0,None,0,0,0,41.24669057152179,0.39,2,0
ORG0361,Healthcare,1,Reactive,2,0,0,51.55816014974387,2.95,3,0
ORG0362,Manufacturing,1,Reactive,3,0,1,26.160925223160408,0.96,5,0
ORG0363,Technology,1,Strategic,1,1,1,19.604461885011617,7.46,3,1
ORG0364,Manufacturing,1,Strategic,4,0,0,59.42702832158483,5.16,1,0
ORG0365,Technology,1,Transformative,6,1,1,27.11180486157194,9.36,4,1
ORG0366,Technology,1,Strategic,2,0,0,36.965977793237734,6.01,2,0
ORG0367,Technology,1,Strategic,4,0,1,47.92454186746916,5.28,2,0
ORG0368,Technology,1,Strategic,5,0,0,22.957633340737367,7.19,3,1
ORG0369,Education,1,Transformative,4,1,0,74.50306910047408,10.06,3,1
ORG0370,Healthcare,0,None,0,0,0,42.0899458411507,-0.68,3,0
ORG0371,Technology,1,Strategic,5,1,0,41.38765487944744,5.84,2,0
ORG0372,Education,1,Transformative,8,1,1,50.95911481341284,9.29,3,1
ORG0373,Manufacturing,1,Reactive,1,0,0,27.24225374290897,0.9,2,0
ORG0374,Finance,1,Strategic,2,1,1,32.962179254176334,5.25,3,0
ORG0375,Healthcare,0,None,0,0,0,43.204416431949355,0.64,4,0
ORG0376,Technology,0,None,0,0,0,43.945956036764805,-0.48,3,0
ORG0377,Technology,1,Reactive,1,0,0,49.667233245293005,-2.21,4,0
ORG0378,Finance,1,Strategic,1,1,0,55.79524095894265,5.22,3,0
ORG0379,Manufacturing,1,Strategic,6,1,0,21.537626552491858,2.38,3,0
ORG0380,Education,1,Strategic,4,1,1,29.775598196278143,7.4,4,1
ORG0381,Education,0,None,0,0,0,37.3957659302315,-0.23,3,0
ORG0382,Healthcare,1,Strategic,3,0,0,18.95059765111127,3.84,2,0
ORG0383,Manufacturing,1,Strategic,4,1,1,45.18420481643349,3.38,4,0
ORG0384,Education,1,Reactive,4,0,0,32.59459878432754,0.94,2,0
ORG0385,Healthcare,1,Reactive,2,0,0,44.6081440261216,2.25,3,0
ORG0386,Technology,1,Strategic,2,1,1,15.511754548312638,5.46,4,1
ORG0387,Services,1,Transformative,5,1,1,42.83842881312991,5.33,3,0
ORG0388,Manufacturing,1,Reactive,1,0,0,62.94119738535893,4.48,3,0
ORG0389,Technology,1,Strategic,1,0,1,33.38967813928976,7.0,5,1
ORG0390,Manufacturing,0,None,0,0,0,46.311138997371344,1.8,3,0
ORG0391,Technology,1,Transformative,7,1,1,14.756356826727018,8.17,4,1
ORG0392,Services,1,Transformative,7,0,1,36.67058902760078,7.63,2,0
ORG0393,Manufacturing,1,Reactive,3,0,0,41.32319125304842,2.53,3,0
ORG0394,Services,1,Reactive,0,0,0,40.55091672903433,0.38,2,0
ORG0395,Education,0,None,0,0,0,46.74310602422859,-0.36,3,0
ORG0396,Technology,1,Transformative,7,1,1,43.26196358410495,8.74,4,1
ORG0397,Manufacturing,1,Transformative,7,0,1,36.097954865025415,8.7,4,1
ORG0398,Finance,1,Transformative,10,1,1,33.74423060226182,10.74,3,1
ORG0399,Manufacturing,1,Strategic,6,0,0,27.131494793494234,7.7,3,1
ORG0400,Finance,1,Reactive,3,0,0,35.59170572361109,2.43,2,0
ORG0401,Healthcare,1,Strategic,6,0,0,48.44882981354028,1.66,3,0
ORG0402,Services,1,Reactive,1,0,0,35.31590297546539,0.57,3,0
ORG0403,Technology,1,Strategic,3,0,0,56.83371227734031,6.61,3,1
ORG0404,Education,1,Strategic,2,0,1,28.193112722538743,4.58,5,1
ORG0405,Services,1,Transformative,6,0,1,13.68270289781568,7.97,3,1
ORG0406,Education,1,Reactive,0,0,0,50.448238086954966,2.47,2,0
ORG0407,Finance,1,Strategic,2,0,1,19.155080010413876,2.88,3,0
ORG0408,Education,1,Strategic,4,1,0,27.612644137495018,4.59,3,0
ORG0409,Education,1,Strategic,5,0,1,14.171861692531834,1.8,3,0
ORG0410,Manufacturing,1,Reactive,2,0,1,37.39193760206194,0.29,4,0
ORG0411,Finance,1,Reactive,2,0,1,29.03480459578094,-0.37,3,0
ORG0412,Services,1,Transformative,7,1,1,39.03942128871101,6.5,3,1
ORG0413,Manufacturing,1,Reactive,1,0,1,25.785152838555582,0.58,4,0
ORG0414,Manufacturing,1,Strategic,3,0,0,14.423853061047417,4.34,3,0
ORG0415,Manufacturing,1,Strategic,3,1,0,28.220759421321837,3.42,3,0
ORG0416,Technology,1,Transformative,7,1,0,31.765856321479664,8.51,3,1
ORG0417,Finance,1,Reactive,2,1,1,31.395076438504777,-1.34,4,0
ORG0418,Services,1,Reactive,3,1,0,22.509421720918212,3.39,3,0
ORG0419,Finance,1,Transformative,7,1,1,26.684930490300033,12.88,3,1
ORG0420,Manufacturing,1,Strategic,5,1,0,54.3745284014067,4.83,3,0
ORG0421,Healthcare,0,None,0,0,0,62.83254972191395,0.95,3,0
ORG0422,Technology,1,Reactive,2,0,1,10.826489613457582,-0.36,4,0
ORG0423,Manufacturing,1,Strategic,3,0,1,50.1200600643989,3.9,2,0
ORG0424,Healthcare,0,None,0,0,0,57.58317787858742,2.21,3,0
ORG0425,Technology,1,Transformative,5,1,1,33.60583690079618,8.52,4,1
ORG0426,Manufacturing,1,Transformative,4,1,0,37.7962425461607,9.62,1,0
ORG0427,Healthcare,1,Reactive,5,0,0,51.74369585777188,5.02,3,0
ORG0428,Healthcare,1,Strategic,1,1,1,72.52467552702669,8.85,3,1
ORG0429,Finance,1,Strategic,4,1,1,3.832822702157049,4.36,5,1
ORG0430,Healthcare,1,Transformative,4,1,1,40.409718371536925,8.02,4,1
ORG0431,Technology,1,Strategic,1,1,1,52.66317087154379,4.57,3,0
ORG0432,Technology,1,Strategic,2,0,0,11.288737740358378,5.43,3,0
ORG0433,Services,0,None,0,0,0,39.20798510832888,2.53,2,0
ORG0434,Manufacturing,1,Strategic,2,0,0,49.92816833716098,6.75,3,1
ORG0435,Manufacturing,1,Reactive,2,0,1,55.550654917564856,-1.27,4,0
ORG0436,Services,1,Reactive,4,0,1,26.89845359601823,1.21,3,0
ORG0437,Technology,0,None,0,0,0,46.4554657377207,2.75,2,0
ORG0438,Manufacturing,1,Reactive,2,0,0,26.36082782864408,1.42,3,0
ORG0439,Manufacturing,1,Strategic,4,1,0,31.908132391210383,6.52,3,1
ORG0440,Services,1,Transformative,9,1,1,37.42672868901887,6.0,3,1
ORG0441,Finance,0,None,0,0,0,55.266093386197085,2.27,3,0
ORG0442,Education,1,Transformative,7,1,0,38.64685187769339,8.71,3,1
ORG0443,Healthcare,1,Strategic,5,1,0,23.9719844785513,8.31,3,1
ORG0444,Manufacturing,1,Reactive,4,0,1,35.03431904215256,2.76,4,0
ORG0445,Healthcare,1,Strategic,3,0,1,2.0196078165625266,7.64,3,1
ORG0446,Education,1,Reactive,2,1,0,39.781950367384006,0.1,2,0
ORG0447,Technology,1,Transformative,6,1,1,33.51662851404612,10.95,3,1
ORG0448,Technology,1,Reactive,2,1,0,49.73479224133165,1.68,3,0
ORG0449,Healthcare,1,Strategic,6,0,1,10.297042125607309,6.21,3,1
ORG0450,Services,1,Strategic,4,1,0,11.426328819812333,4.68,3,0
ORG0451,Healthcare,0,None,0,0,0,30.193061753605342,0.55,3,0
ORG0452,Manufacturing,1,Transformative,7,1,1,10.361699695503184,12.74,4,1
ORG0453,Healthcare,0,None,0,0,0,11.436778143111319,3.21,2,0
ORG0454,Finance,1,Strategic,5,0,0,42.567248845745254,1.57,3,0
ORG0455,Technology,1,Strategic,6,1,1,23.643097297759248,4.52,2,0
ORG0456,Education,1,Transformative,9,0,1,21.46714339291751,8.74,3,1
ORG0457,Finance,1,Strategic,6,1,0,52.39071564950783,6.95,2,0
ORG0458,Manufacturing,1,Strategic,3,0,0,38.04853931879047,4.12,3,0
ORG0459,Services,1,Reactive,1,0,0,20.230178227291063,0.41,3,0
ORG0460,Manufacturing,1,Strategic,3,1,1,14.51573893714776,2.73,3,0
ORG0461,Healthcare,1,Transformative,4,0,1,9.182362620654136,7.17,4,1
ORG0462,Finance,0,None,0,0,0,46.40320244495176,-0.43,2,0
ORG0463,Manufacturing,1,Transformative,7,1,1,49.11772799629955,9.38,5,1
ORG0464,Healthcare,1,Reactive,1,0,0,50.3766372887266,-0.31,2,0
ORG0465,Healthcare,1,Transformative,7,0,1,26.05056412082405,13.2,3,1
ORG0466,Manufacturing,1,Strategic,3,1,1,35.486105200102045,5.16,4,1
ORG0467,Healthcare,1,Strategic,2,0,1,28.90636326695708,3.77,4,0
ORG0468,Manufacturing,0,None,0,0,0,32.75852770983366,-0.75,3,0
ORG0469,Manufacturing,1,Strategic,3,1,1,51.200840887089655,6.89,4,1
ORG0470,Manufacturing,1,Strategic,1,0,1,51.078947978176956,7.16,3,1
ORG0471,Manufacturing,1,Reactive,3,0,0,29.737258548852882,-2.44,4,0
ORG0472,Manufacturing,1,Reactive,1,0,0,18.70918126822871,4.0,3,0
ORG0473,Services,1,Strategic,5,1,1,14.645966454506372,5.45,4,1
ORG0474,Technology,0,None,0,0,0,45.203453126264435,-3.37,2,0
ORG0475,Healthcare,1,Strategic,2,0,0,52.24508028318121,5.59,4,1
ORG0476,Finance,1,Strategic,6,1,0,39.33092004514754,6.7,3,1
ORG0477,Services,1,Reactive,5,0,1,44.56579245772874,2.9,4,0
ORG0478,Finance,0,None,0,0,0,14.474553619189667,0.66,2,0
ORG0479,Technology,1,Reactive,2,0,0,35.058209250206104,5.24,2,0
ORG0480,Technology,1,Strategic,4,0,0,45.132649965196784,6.74,1,0
ORG0481,Finance,0,None,0,0,0,42.45732242530159,-0.09,3,0
ORG0482,Services,1,Transformative,4,1,0,23.85837733206936,11.72,3,1
ORG0483,Technology,1,Strategic,5,1,0,52.70192260612291,7.29,2,0
ORG0484,Technology,1,Transformative,9,1,0,46.45790527450134,9.25,3,1
ORG0485,Finance,1,Strategic,7,1,0,41.158251279914246,4.54,4,1
ORG0486,Finance,1,Reactive,1,0,0,47.590236713474035,3.4,2,0
ORG0487,Finance,1,Reactive,3,0,1,47.78702965149426,-0.46,5,0
ORG0488,Technology,0,None,0,0,0,35.212238974486375,-0.69,3,0
ORG0489,Finance,0,None,0,0,0,23.759634658658335,0.06,2,0
ORG0490,Technology,0,None,0,0,0,62.308158619127234,-0.63,3,0
ORG0491,Technology,1,Reactive,3,0,1,23.45656428252314,3.09,5,0
ORG0492,Technology,1,Strategic,8,0,0,14.317950431221604,3.53,2,0
ORG0493,Manufacturing,1,Strategic,5,1,1,35.83795909766746,4.38,4,1
ORG0494,Technology,1,Strategic,4,1,1,0.0,7.19,4,1
ORG0495,Finance,1,Transformative,9,1,1,61.228638710878,8.22,3,1
ORG0496,Technology,1,Reactive,4,1,0,74.57262884930898,0.4,3,0
ORG0497,Manufacturing,1,Transformative,8,1,1,21.14589556086812,9.41,3,1
ORG0498,Manufacturing,1,Strategic,2,0,1,45.9740165323766,6.8,4,1
ORG0499,Technology,1,Reactive,0,0,0,15.92883226738887,-0.49,3,0
ORG0500,Technology,0,None,0,0,0,39.06254773750932,-0.47,3,0
ORG0501,Manufacturing,1,Strategic,7,0,1,25.87473852980994,6.19,4,1
ORG0502,Finance,0,None,0,0,0,40.35459138900389,5.28,4,1
ORG0503,Manufacturing,1,Transformative,5,1,1,4.504988964949288,13.22,3,1
ORG0504,Manufacturing,1,Strategic,4,1,0,34.97141550516864,5.04,3,0
ORG0505,Technology,1,Reactive,4,1,1,64.98307603909572,6.06,3,1
ORG0506,Education,0,None,0,0,0,22.602272431309167,1.67,3,0
ORG0507,Technology,1,Reactive,2,0,0,46.717607849160366,0.07,3,0
ORG0508,Technology,1,Reactive,0,1,1,50.3480146002198,4.72,4,1
ORG0509,Services,1,Transformative,10,1,1,33.996635876079104,11.91,3,1
ORG0510,Technology,0,None,0,0,0,30.35748856994308,-1.27,2,0
ORG0511,Healthcare,1,Reactive,2,0,0,33.51199470602665,2.75,2,0
ORG0512,Healthcare,1,Reactive,2,1,0,22.835365491114157,-0.78,3,0
ORG0513,Manufacturing,1,Transformative,5,1,0,22.314903432588306,8.97,3,1
ORG0514,Services,1,Reactive,3,1,0,38.61860372610094,2.1,4,0
ORG0515,Finance,1,Reactive,1,0,1,45.28384619447625,1.72,4,0
ORG0516,Healthcare,1,Reactive,1,1,1,42.964634929461354,6.68,3,1
ORG0517,Services,1,Strategic,1,1,0,48.06119966882605,6.9,3,1
ORG0518,Technology,1,Reactive,3,0,0,32.87711369949577,0.93,3,0
ORG0519,Education,1,Strategic,3,0,0,24.779296473956393,6.94,3,1
ORG0520,Education,0,None,0,0,0,55.60871577817174,-1.2,3,0
ORG0521,Technology,0,None,0,0,0,23.423420639106872,3.72,3,0
ORG0522,Technology,0,None,0,0,0,44.539516260676066,-1.14,2,0
ORG0523,Finance,1,Strategic,4,1,0,19.588946727109835,4.25,3,0
ORG0524,Technology,1,Reactive,5,0,0,48.92368537016487,1.16,2,0
ORG0525,Education,1,Strategic,5,0,1,41.71090905603464,4.0,3,0
ORG0526,Healthcare,1,Reactive,4,0,0,38.578324306606085,2.01,4,0
ORG0527,Services,1,Reactive,1,0,0,68.08294352398121,4.4,2,0
ORG0528,Finance,0,None,0,0,0,46.80524854461338,1.48,2,0
ORG0529,Healthcare,1,Strategic,5,1,1,33.14983903930835,5.62,3,0
ORG0530,Manufacturing,1,Transformative,8,1,1,31.46433132714997,6.6,4,1
ORG0531,Finance,0,None,0,0,0,43.47263537900184,3.77,3,0
ORG0532,Manufacturing,1,Strategic,4,1,0,36.04054703987104,6.42,5,1
ORG0533,Technology,1,Reactive,1,0,0,55.16477311980812,4.59,3,0
ORG0534,Technology,1,Transformative,2,1,1,53.4170515017702,10.57,4,1
ORG0535,Services,1,Strategic,2,0,1,0.0,1.65,2,0
ORG0536,Technology,1,Transformative,8,1,1,50.71027613679577,8.06,4,1
ORG0537,Technology,1,Strategic,2,0,1,57.62018410684665,3.96,4,0
ORG0538,Finance,1,Transformative,5,1,0,7.9774550523788506,10.42,3,1
ORG0539,Technology,1,Transformative,7,1,1,28.441888295781723,5.75,3,0
ORG0540,Healthcare,1,Transformative,5,0,1,48.34311846753537,10.91,5,1
ORG0541,Services,1,Reactive,3,0,1,41.78096015227422,-0.42,3,0
ORG0542,Finance,1,Strategic,3,0,0,33.45997087151108,7.06,3,1
ORG0543,Manufacturing,0,None,0,0,0,41.00353783290163,0.9,2,0
ORG0544,Healthcare,1,Strategic,0,1,1,35.69118832449727,4.92,3,0
ORG0545,Services,1,Strategic,4,0,1,31.13569271733509,4.86,4,1
ORG0546,Technology,1,Strategic,5,1,0,24.745485765704185,6.04,3,1
ORG0547,Education,1,Reactive,2,1,1,44.48181420841717,0.75,3,0
ORG0548,Education,1,Transformative,6,0,1,50.870335821737186,8.92,2,1
ORG0549,Technology,1,Strategic,3,1,0,46.91900574417817,6.95,2,0
ORG0550,Manufacturing,0,None,0,0,0,32.740789780551005,-1.03,2,0
ORG0551,Technology,1,Reactive,2,0,0,33.12669671974899,2.03,3,0
ORG0552,Services,1,Strategic,4,0,1,28.305192271484827,3.73,4,0
ORG0553,Technology,0,None,0,0,0,7.301404282933742,-0.36,4,0
ORG0554,Manufacturing,1,Reactive,3,0,1,29.94657309822292,2.21,5,0
ORG0555,Technology,1,Strategic,3,0,0,39.364470952061644,3.99,2,0
ORG0556,Healthcare,1,Reactive,2,0,0,17.01572903009186,3.2,3,0
ORG0557,Healthcare,1,Strategic,5,1,1,58.72195585224993,4.38,4,1
ORG0558,Services,1,Strategic,4,0,1,56.844927079693775,3.91,3,0
ORG0559,Finance,1,Reactive,2,0,0,41.918457403799856,2.58,2,0
ORG0560,Manufacturing,1,Reactive,1,0,1,52.541123482346926,-0.67,4,0
ORG0561,Healthcare,1,Strategic,2,1,1,12.94265673153124,2.47,3,0
ORG0562,Education,1,Strategic,6,0,1,36.184460685021264,2.01,3,0
ORG0563,Healthcare,0,None,0,0,0,36.193603024132486,2.02,3,0
ORG0564,Technology,1,Strategic,2,0,1,39.18199718578191,3.48,3,0
ORG0565,Manufacturing,1,Transformative,4,1,1,12.349381820221218,8.56,3,1
ORG0566,Technology,1,Transformative,8,1,1,43.10431916053543,9.95,2,1
ORG0567,Finance,1,Reactive,3,0,1,30.54414188190886,1.4,4,0
ORG0568,Services,0,None,0,0,0,24.966859483354803,1.37,3,0
ORG0569,Finance,1,Transformative,5,1,1,30.87796542870968,4.6,2,0
ORG0570,Manufacturing,0,None,0,0,0,35.51044379520022,0.84,4,0
ORG0571,Education,1,Strategic,3,1,0,24.651260329566128,5.08,3,0
ORG0572,Healthcare,1,Transformative,4,1,1,30.08470188006827,8.78,5,1
ORG0573,Technology,1,Transformative,7,0,1,21.3684549378804,12.37,4,1
ORG0574,Services,1,Strategic,3,0,0,35.347939678360625,4.29,2,0
ORG0575,Finance,1,Reactive,2,0,1,51.38154441529001,-0.95,4,0
ORG0576,Manufacturing,1,Transformative,7,0,1,31.241594470719633,5.94,4,1
ORG0577,Education,1,Reactive,2,0,1,29.263214034960647,-1.95,3,0
ORG0578,Technology,1,Strategic,4,0,1,17.313376784557278,3.46,2,0
ORG0579,Technology,1,Reactive,0,0,0,45.318994580771424,0.77,3,0
ORG0580,Finance,0,None,0,0,0,52.75981164795334,-0.7,2,0
ORG0581,Finance,1,Strategic,3,0,1,64.98859544500253,7.28,4,1
ORG0582,Manufacturing,1,Strategic,4,1,0,27.765916846977255,4.98,4,1
ORG0583,Finance,0,None,0,0,0,40.84013591329605,2.15,3,0
ORG0584,Manufacturing,1,Reactive,3,1,0,26.19268761453194,1.04,4,0
ORG0585,Healthcare,1,Strategic,4,0,1,28.834625952452406,7.04,3,1
ORG0586,Technology,1,Reactive,4,0,0,66.23990483164697,2.33,2,0
ORG0587,Services,0,None,0,0,0,27.745742906668447,2.18,2,0
ORG0588,Technology,1,Transformative,7,1,1,0.0,9.88,3,1
ORG0589,Manufacturing,1,Strategic,2,1,0,25.682928667814032,6.72,3,1
ORG0590,Education,1,Reactive,5,0,1,14.155554937166816,-0.11,3,0
ORG0591,Manufacturing,1,Strategic,6,0,0,20.40853224859999,5.81,3,0
ORG0592,Manufacturing,1,Reactive,3,0,1,44.580157098204516,2.42,3,0
ORG0593,Technology,0,None,0,0,0,65.2711607407673,0.96,2,0
ORG0594,Manufacturing,1,Strategic,3,1,0,40.06044599520299,2.3,3,0
ORG0595,Healthcare,1,Strategic,4,0,0,52.792182110634485,8.08,2,0
ORG0596,Technology,0,None,0,0,0,31.190724404041475,-1.01,3,0
ORG0597,Finance,1,Transformative,2,1,1,36.70091587950034,9.92,3,1
ORG0598,Technology,1,Transformative,6,1,1,33.44619719891329,10.32,5,1
ORG0599,Services,1,Strategic,2,0,0,40.85549291593063,4.69,3,0
ORG0600,Manufacturing,1,Strategic,4,0,1,8.30901604239169,3.52,4,0
ORG0601,Services,1,Strategic,5,1,0,36.12291959375044,7.64,1,0
ORG0602,Healthcare,1,Strategic,3,0,1,29.042135502298514,3.25,3,0
ORG0603,Healthcare,0,None,0,0,0,55.677010331807125,-0.84,3,0
ORG0604,Services,1,Reactive,3,0,0,21.163805227340703,2.33,3,0
ORG0605,Finance,1,Strategic,4,0,0,32.76579057650419,6.02,3,1
ORG0606,Technology,0,None,0,0,0,18.187818396665346,-0.65,2,0
ORG0607,Finance,1,Transformative,9,1,1,29.00150014836025,7.51,4,1
ORG0608,Technology,1,Reactive,4,0,0,44.19186112374935,2.17,2,0
ORG0609,Finance,1,Strategic,7,0,0,10.643921268241556,4.26,3,0
ORG0610,Technology,0,None,0,0,0,19.493976999378972,-0.14,1,0
ORG0611,Finance,1,Transformative,7,1,1,40.07536162903939,7.01,4,1
ORG0612,Healthcare,1,Transformative,3,0,1,13.014892139868575,4.46,3,0
ORG0613,Manufacturing,1,Strategic,3,1,1,35.441458875163285,6.03,3,1
ORG0614,Technology,0,None,0,0,0,13.927745841087397,0.71,3,0
ORG0615,Finance,0,None,0,0,0,38.07613008851945,-2.75,4,0
ORG0616,Technology,1,Reactive,1,1,0,32.53637022451952,-2.37,3,0
ORG0617,Technology,1,Reactive,3,0,0,8.791674995521166,2.19,2,0
ORG0618,Manufacturing,0,None,0,0,0,0.0,-0.07,3,0
ORG0619,Healthcare,1,Reactive,3,1,1,63.69090275459783,-2.35,4,0
ORG0620,Finance,1,Strategic,4,1,1,52.87606753732142,5.11,3,0
ORG0621,Finance,1,Reactive,3,0,0,26.04657822902043,-1.35,3,0
ORG0622,Education,1,Reactive,3,0,0,35.5156296353969,3.35,4,0
ORG0623,Finance,1,Reactive,1,0,1,12.59735332620285,-2.25,4,0
ORG0624,Healthcare,1,Reactive,2,0,0,26.82220632910517,-0.76,2,0
ORG0625,Healthcare,1,Reactive,2,0,0,26.49942337917421,0.8,2,0
ORG0626,Finance,1,Strategic,5,1,0,24.534216441526326,5.19,2,0
ORG0627,Finance,1,Strategic,3,0,1,1.0092185877607562,4.3,3,0
ORG0628,Finance,1,Transformative,5,1,1,45.73239645154228,13.18,4,1
ORG0629,Technology,0,None,0,0,0,5.152767218012794,-0.85,3,0
ORG0630,Healthcare,1,Strategic,4,1,1,18.53017148870304,7.18,4,1
ORG0631,Technology,1,Transformative,6,1,1,49.93488517143054,5.77,4,1
ORG0632,Education,1,Reactive,2,1,0,21.541176087528253,0.32,4,0
ORG0633,Manufacturing,1,Strategic,1,0,0,35.0166491703094,1.91,3,0
ORG0634,Education,1,Strategic,3,1,0,47.504048072560224,6.41,2,0
ORG0635,Manufacturing,0,None,0,0,0,61.01649637681079,-1.45,4,0
ORG0636,Finance,1,Strategic,5,1,1,26.084752208905932,6.37,2,0
ORG0637,Technology,1,Reactive,4,0,0,64.87055627625357,2.79,4,0
ORG0638,Healthcare,1,Reactive,1,1,1,26.462777019911993,3.88,3,0
ORG0639,Technology,1,Transformative,5,1,1,31.78774533933217,10.67,3,1
ORG0640,Finance,1,Transformative,10,1,0,11.215614398456111,8.36,3,1
ORG0641,Finance,1,Reactive,2,0,0,42.537495441939356,0.22,2,0
ORG0642,Finance,1,Reactive,5,0,0,36.04005742573022,1.29,3,0
ORG0643,Manufacturing,1,Strategic,8,1,0,58.074956585788286,5.96,4,1
ORG0644,Healthcare,1,Strategic,3,0,0,44.052170625019755,6.15,2,0
ORG0645,Services,1,Strategic,5,0,0,35.82563835921565,4.05,3,0
ORG0646,Education,1,Strategic,2,1,0,58.68634184106811,4.73,3,0
ORG0647,Services,1,Transformative,6,1,1,45.593464621506044,9.46,4,1
ORG0648,Technology,1,Reactive,2,1,0,18.484503711745337,0.26,4,0
ORG0649,Manufacturing,1,Strategic,5,1,0,23.57262992511727,5.42,4,1
ORG0650,Manufacturing,1,Reactive,3,0,0,23.328578212509285,-0.34,2,0
ORG0651,Technology,1,Transformative,3,0,1,34.7514738526622,10.37,4,1
ORG0652,Technology,1,Strategic,2,1,0,31.69829403117757,3.45,2,0
ORG0653,Technology,1,Transformative,4,1,1,32.62193461375315,7.16,4,1
ORG0654,Finance,0,None,0,0,0,11.530668089962937,0.79,3,0
ORG0655,Finance,1,Strategic,4,0,0,29.277658777638607,2.36,3,0
ORG0656,Technology,1,Strategic,3,0,0,31.05038289683126,7.63,3,1
ORG0657,Manufacturing,0,None,0,0,0,19.405563823716218,0.47,3,0
ORG0658,Finance,1,Strategic,2,1,0,45.04124286780328,2.05,4,0
ORG0659,Services,1,Reactive,1,0,0,69.37866900228029,5.73,2,0
ORG0660,Manufacturing,1,Reactive,1,0,0,58.73175126955351,0.99,3,0
ORG0661,Finance,1,Strategic,6,1,1,37.895122854980706,6.93,3,1
ORG0662,Education,1,Transformative,5,1,1,21.86959458372804,7.49,4,1
ORG0663,Technology,1,Strategic,3,0,0,40.57106051634546,5.99,3,1
ORG0664,Manufacturing,1,Reactive,2,0,0,28.93167623662406,-2.46,3,0
ORG0665,Manufacturing,0,None,0,0,0,29.191259510315714,-1.69,3,0
ORG0666,Manufacturing,0,None,0,0,0,20.174083422996908,0.8,2,0
ORG0667,Technology,0,None,0,0,0,65.52513664002184,1.22,3,0
ORG0668,Technology,0,None,0,0,0,38.964058595927064,-1.05,3,0
ORG0669,Healthcare,1,Reactive,4,0,0,35.547082649813134,3.82,3,0
ORG0670,Manufacturing,1,Reactive,3,0,0,48.51061578562994,3.01,3,0
ORG0671,Manufacturing,1,Reactive,1,0,0,48.21372753549868,1.81,3,0
ORG0672,Manufacturing,1,Transformative,5,1,1,26.73924817822137,6.52,4,1
ORG0673,Manufacturing,1,Strategic,6,0,0,27.24729675239257,6.24,4,1
ORG0674,Finance,1,Reactive,0,0,1,36.66694062944768,3.38,3,0
ORG0675,Finance,0,None,0,0,0,21.111651441632752,0.27,3,0
ORG0676,Services,1,Transformative,6,1,1,32.523791524954305,4.85,3,0
ORG0677,Finance,1,Strategic,6,1,1,22.6868161638547,4.15,3,0
ORG0678,Manufacturing,1,Transformative,8,1,1,32.18210898486921,13.12,3,1
ORG0679,Education,0,None,0,0,0,27.272436513619734,0.25,3,0
ORG0680,Technology,1,Strategic,5,0,0,54.019407306546334,3.66,2,0
ORG0681,Healthcare,1,Strategic,1,1,1,29.5148437620422,6.01,4,1
ORG0682,Services,1,Strategic,3,1,0,55.0545361033394,6.93,4,1
ORG0683,Finance,0,None,0,0,0,31.50354618444276,1.6,3,0
ORG0684,Education,1,Transformative,7,0,1,10.265362431630454,6.04,3,1
ORG0685,Technology,1,Strategic,5,1,1,28.40450073596287,3.81,4,0
ORG0686,Finance,0,None,0,0,0,46.03581966528331,-2.77,2,0
ORG0687,Technology,1,Reactive,1,0,0,29.288548942072936,-0.54,3,0
ORG0688,Manufacturing,1,Reactive,1,0,0,43.98654997795392,-2.14,3,0
ORG0689,Healthcare,1,Reactive,2,0,1,30.735648341699925,3.51,2,0
ORG0690,Technology,1,Strategic,4,1,0,46.310931908466856,6.08,4,1
ORG0691,Technology,1,Strategic,8,1,0,15.969620347352404,8.57,3,1
ORG0692,Services,1,Transformative,3,1,1,44.052215154523054,6.55,5,1
ORG0693,Manufacturing,1,Reactive,3,0,0,7.137818260048949,-0.83,3,0
ORG0694,Education,1,Reactive,2,0,0,8.89448261578272,3.15,2,0
ORG0695,Education,1,Strategic,4,1,1,27.066162464220348,4.02,3,0
ORG0696,Healthcare,1,Reactive,1,0,0,8.023791179632777,2.78,3,0
ORG0697,Education,1,Reactive,1,0,0,32.90301621483876,2.24,4,0
ORG0698,Manufacturing,0,None,0,0,0,31.385591257161227,3.34,3,0
ORG0699,Healthcare,0,None,0,0,0,0.0,-1.68,3,0
ORG0700,Healthcare,1,Strategic,2,0,1,42.74397374419998,7.09,4,1
ORG0701,Technology,0,None,0,0,0,14.278510212045529,0.94,2,0
ORG0702,Healthcare,1,Reactive,1,1,0,20.53148101356237,5.19,3,0
ORG0703,Finance,0,None,0,0,0,21.79982027463854,1.04,3,0
ORG0704,Finance,1,Strategic,4,1,0,17.33357813012963,6.83,3,1
ORG0705,Finance,1,Transformative,6,1,1,16.60730963280975,13.39,4,1
ORG0706,Healthcare,1,Strategic,5,1,0,34.97428769496404,2.82,3,0
ORG0707,Technology,1,Strategic,3,0,0,29.099265533830145,3.48,2,0
ORG0708,Technology,1,Reactive,1,1,1,29.09582626950485,2.07,4,0
ORG0709,Finance,1,Reactive,1,0,0,51.59347338289953,2.4,3,0
ORG0710,Manufacturing,1,Strategic,4,1,1,29.83284186871321,6.67,3,1
ORG0711,Services,1,Strategic,0,1,0,24.200157001670913,3.15,2,0
ORG0712,Education,1,Reactive,1,0,0,31.775677428815733,2.29,3,0
ORG0713,Services,1,Strategic,3,1,1,45.72761585192087,4.9,4,1
ORG0714,Technology,1,Strategic,3,1,0,37.14959457500006,6.55,3,1
ORG0715,Finance,1,Strategic,6,0,1,17.60569082690302,4.49,4,1
ORG0716,Technology,1,Transformative,5,1,1,0.0,11.1,4,1
ORG0717,Healthcare,1,Transformative,6,1,1,19.32745529145393,12.57,5,1
ORG0718,Technology,1,Transformative,10,0,1,21.741966572889062,7.0,3,1
ORG0719,Education,1,Strategic,1,1,0,41.18997534772733,5.58,3,0
ORG0720,Healthcare,0,None,0,0,0,12.408667324097369,0.66,4,0
ORG0721,Manufacturing,0,None,0,0,0,34.96541318943762,0.48,3,0
ORG0722,Healthcare,1,Reactive,3,0,0,41.10360088784948,-2.44,2,0
ORG0723,Manufacturing,1,Strategic,6,0,0,53.02897504309315,5.02,3,0
ORG0724,Finance,0,None,0,0,0,31.016110501063828,2.45,2,0
ORG0725,Manufacturing,1,Reactive,4,0,0,30.76811334599133,4.46,2,0
ORG0726,Healthcare,1,Strategic,2,1,1,21.396456879169087,5.88,3,1
ORG0727,Finance,1,Strategic,3,1,0,79.68582445702083,4.78,4,1
ORG0728,Technology,1,Transformative,3,0,1,42.529814860832495,9.88,3,1
ORG0729,Healthcare,1,Reactive,2,1,0,26.328298119265348,1.48,2,0
ORG0730,Finance,1,Reactive,4,0,0,26.524092896732114,-0.24,2,0
ORG0731,Finance,1,Strategic,8,1,0,34.827273678850325,7.06,4,1
ORG0732,Technology,1,Transformative,5,1,1,22.91012403410877,4.6,3,0
ORG0733,Services,1,Reactive,2,0,0,35.37456893556499,0.65,2,0
ORG0734,Technology,1,Reactive,1,0,0,35.241813461909814,0.56,2,0
ORG0735,Technology,1,Reactive,2,0,0,29.491940986823774,2.58,2,0
ORG0736,Finance,1,Strategic,4,1,1,29.630143483799962,7.14,3,1
ORG0737,Healthcare,1,Strategic,3,0,0,27.555837003654513,8.43,2,0
ORG0738,Healthcare,1,Strategic,6,0,0,30.88032727157243,4.5,3,0
ORG0739,Finance,0,None,0,0,0,54.38080448340684,-2.07,3,0
ORG0740,Finance,1,Reactive,0,0,1,59.69493811543185,4.02,3,0
ORG0741,Finance,1,Reactive,3,0,0,75.00357833480012,2.19,4,0
ORG0742,Technology,0,None,0,0,0,38.48141956892806,0.89,3,0
ORG0743,Finance,1,Transformative,4,1,1,63.68008203579046,11.33,5,1
ORG0744,Education,1,Reactive,2,0,0,35.366477602670514,1.45,2,0
ORG0745,Finance,1,Strategic,6,1,0,46.53547483163413,3.95,3,0
ORG0746,Technology,1,Reactive,5,0,0,40.981456466372215,4.92,4,1
ORG0747,Manufacturing,1,Transformative,6,1,1,49.703944290825255,14.13,4,1
ORG0748,Education,1,Strategic,3,0,0,28.537735964177063,6.0,2,0
ORG0749,Manufacturing,1,Reactive,2,1,0,46.49582714858599,1.17,3,0
ORG0750,Finance,0,None,0,0,0,12.164985225773837,0.52,3,0
ORG0751,Finance,1,Strategic,4,0,1,64.29660797408862,6.37,5,1
ORG0752,Healthcare,1,Reactive,0,0,0,43.963065588420925,5.21,1,0
ORG0753,Finance,1,Strategic,3,1,1,20.98768689425687,7.96,3,1
ORG0754,Technology,1,Strategic,2,1,1,43.02456008545654,8.54,4,1
ORG0755,Finance,1,Reactive,2,0,0,24.500519959391998,1.55,2,0
ORG0756,Education,1,Reactive,1,0,0,48.1870748605931,4.63,2,0
ORG0757,Finance,0,None,0,0,0,61.297922030983784,-0.23,2,0
ORG0758,Technology,1,Transformative,6,1,1,45.30857675592932,8.85,3,1
ORG0759,Healthcare,0,None,0,0,0,29.143868925792937,1.53,2,0
ORG0760,Services,0,None,0,0,0,25.83234271971009,-0.56,4,0
ORG0761,Healthcare,1,Reactive,0,0,0,39.64590168704003,2.95,3,0
ORG0762,Finance,1,Transformative,6,0,1,0.0,9.54,4,1
ORG0763,Technology,1,Strategic,4,1,0,32.473704319566785,6.21,4,1
ORG0764,Finance,1,Reactive,2,0,0,40.39521271529482,2.09,3,0
ORG0765,Healthcare,1,Reactive,7,0,0,33.64689237488246,2.99,4,0
ORG0766,Services,1,Strategic,6,1,0,46.382014009636535,8.48,3,1
ORG0767,Finance,1,Strategic,3,1,1,34.13903804319809,4.9,4,1
ORG0768,Manufacturing,1,Transformative,7,1,1,44.933944732394295,8.62,3,1
ORG0769,Technology,1,Transformative,7,1,1,45.78752999533156,12.64,4,1
ORG0770,Healthcare,1,Transformative,7,1,1,44.73322888855759,9.87,2,1
ORG0771,Services,0,None,0,0,0,48.09399301363187,5.35,3,0
ORG0772,Services,1,Transformative,6,1,1,30.78610063688339,8.98,3,1
ORG0773,Manufacturing,1,Strategic,5,0,1,36.833645068205996,4.16,3,0
ORG0774,Manufacturing,1,Reactive,0,0,1,19.117997776282703,2.91,1,0
ORG0775,Manufacturing,1,Transformative,4,1,1,18.231085879448905,12.08,3,1
ORG0776,Finance,1,Reactive,2,0,0,53.65142417154387,2.95,3,0
ORG0777,Manufacturing,0,None,0,0,0,14.365488668204573,-0.45,5,0
ORG0778,Healthcare,1,Transformative,8,0,0,45.86736590572592,10.7,2,1
ORG0779,Technology,1,Reactive,2,0,1,27.45696869493566,4.36,5,1
ORG0780,Technology,0,None,0,0,0,47.961049732084206,-1.88,4,0
ORG0781,Technology,0,None,0,0,0,23.6049047337117,1.83,4,0
ORG0782,Manufacturing,1,Strategic,5,0,0,26.67079254642006,7.41,3,1
ORG0783,Manufacturing,1,Transformative,6,0,0,42.974983939078925,9.91,3,1
ORG0784,Manufacturing,1,Transformative,8,1,1,31.950251992554062,10.63,3,1
ORG0785,Finance,0,None,0,0,0,45.07613723287809,-2.93,3,0
ORG0786,Education,0,None,0,0,0,1.3715546783775707,-0.05,2,0
ORG0787,Healthcare,0,None,0,0,0,23.438188954395855,3.37,2,0
ORG0788,Technology,1,Reactive,1,0,0,0.0,2.4,2,0
ORG0789,Technology,1,Reactive,0,0,1,23.411868322366463,1.88,3,0
ORG0790,Healthcare,1,Transformative,10,1,1,44.46313405394233,6.89,3,1
ORG0791,Manufacturing,1,Reactive,0,1,0,25.748369577204386,-0.7,2,0
ORG0792,Services,1,Reactive,1,0,0,34.519364439792696,2.68,3,0
ORG0793,Finance,1,Transformative,8,1,1,26.885691447804007,4.67,4,1
ORG0794,Technology,0,None,0,0,0,40.2285611644261,-0.22,3,0
ORG0795,Technology,1,Reactive,2,0,1,35.337694615965916,-2.56,4,0
ORG0796,Technology,1,Strategic,6,1,0,29.408866339569663,3.26,3,0
ORG0797,Manufacturing,1,Reactive,0,0,0,48.85797523946262,4.96,3,0
ORG0798,Manufacturing,1,Strategic,5,1,1,14.530269891959293,7.03,3,1
ORG0799,Finance,1,Strategic,3,0,0,4.261913445142373,4.24,3,0
ORG0800,Services,1,Transformative,7,1,1,27.23955516286651,9.68,5,1
ORG0801,Finance,1,Strategic,3,0,0,32.89575449963947,3.95,4,0
ORG0802,Manufacturing,1,Reactive,1,0,0,20.993693957898543,1.28,2,0
ORG0803,Finance,0,None,0,0,0,18.71378433827676,0.56,2,0
ORG0804,Finance,1,Strategic,1,1,0,57.25615865305561,3.78,3,0
ORG0805,Technology,1,Transformative,5,0,1,40.945504347010264,9.34,3,1
ORG0806,Finance,1,Strategic,3,0,0,44.11921350508631,2.83,3,0
ORG0807,Manufacturing,1,Strategic,1,1,0,29.368888302740572,4.9,3,0
ORG0808,Finance,1,Strategic,3,0,1,0.0,4.01,3,0
ORG0809,Technology,1,Strategic,5,0,0,51.0939442176102,3.29,3,0
ORG0810,Healthcare,1,Strategic,4,1,0,45.56504314781118,4.11,3,0
ORG0811,Finance,0,None,0,0,0,6.90491253604069,4.59,2,0
ORG0812,Finance,0,None,0,0,0,19.114443169818536,0.37,3,0
ORG0813,Finance,0,None,0,0,0,57.79928008871449,-3.77,3,0
ORG0814,Healthcare,0,None,0,0,0,22.40708662973514,-0.85,3,0
ORG0815,Manufacturing,0,None,0,0,0,19.554556405504094,-0.47,3,0
ORG0816,Finance,1,Reactive,1,1,0,34.381105210249096,-1.0,3,0
ORG0817,Finance,1,Strategic,5,0,0,31.491532993196092,4.61,3,0
ORG0818,Healthcare,0,None,0,0,0,26.045096173686012,1.74,4,0
ORG0819,Manufacturing,1,Reactive,0,0,0,41.67343842514826,3.7,3,0
ORG0820,Education,1,Reactive,0,1,0,18.30057748828053,5.15,3,0
ORG0821,Technology,1,Reactive,2,1,0,31.28996054155373,2.67,4,0
ORG0822,Services,1,Strategic,7,1,0,45.01322120554994,8.15,2,0
ORG0823,Services,1,Strategic,1,1,0,36.76561127691437,1.66,5,0
ORG0824,Services,1,Strategic,2,0,1,42.79806527152867,7.84,4,1
ORG0825,Manufacturing,1,Transformative,9,1,1,47.08476549340507,11.27,4,1
ORG0826,Education,1,Strategic,4,0,1,13.678029692652117,6.64,3,1
ORG0827,Education,0,None,0,0,0,25.448073476756644,1.2,4,0
ORG0828,Finance,1,Strategic,3,0,1,30.556262018536405,5.23,3,0
ORG0829,Finance,1,Transformative,3,1,0,26.76157790756902,7.33,2,0
ORG0830,Technology,1,Reactive,3,0,0,36.838411982417874,3.15,3,0
ORG0831,Technology,1,Transformative,6,0,1,49.43753887929948,11.33,4,1
ORG0832,Technology,1,Transformative,0,1,0,31.68602412590581,10.28,3,1
ORG0833,Technology,1,Strategic,1,0,0,9.78657375880264,4.0,3,0
ORG0834,Manufacturing,1,Reactive,3,0,1,49.79125837216567,0.7,3,0
ORG0835,Healthcare,1,Transformative,1,1,0,16.041787563888334,10.94,2,1
ORG0836,Finance,1,Strategic,2,1,1,17.257767465435666,7.55,3,1
ORG0837,Manufacturing,1,Reactive,2,0,0,60.6344607804484,3.04,3,0
ORG0838,Technology,1,Transformative,8,0,1,28.027649673093478,5.21,4,1
ORG0839,Finance,1,Transformative,8,1,1,20.005266735286643,7.97,3,1
ORG0840,Education,1,Strategic,5,0,1,71.09183537004907,4.45,3,0
ORG0841,Technology,1,Transformative,5,1,1,39.488546928776614,10.48,4,1
ORG0842,Finance,1,Reactive,1,1,0,30.5044160970822,3.22,4,0
ORG0843,Technology,1,Strategic,6,0,1,5.41866460034273,5.58,3,0
ORG0844,Technology,1,Strategic,7,0,1,41.67280306336232,3.67,4,0
ORG0845,Services,1,Strategic,2,0,0,57.376732451360894,4.03,2,0
ORG0846,Technology,1,Transformative,8,0,1,24.544329479608663,7.54,3,1
ORG0847,Healthcare,1,Reactive,2,0,0,23.021907281618585,2.44,3,0
