Employee_ID,Hours_Worked,Meeting_Hours,Remote_Days,Well_Being_Score,Productivity_Score
1,31.280649609103214,7.763987026684117,4,2,Medium
2,37.48799877449856,10.572813529815004,4,2,Medium
3,40.62224702332566,9.77607173491871,1,7,Medium
4,40.65707027576853,11.144822362680658,0,7,Medium
5,38.97936708173316,13.974916009635269,0,3,Low
6,29.58106317195424,4.640090791503916,1,7,Medium
7,37.49216830824388,8.618785483710766,3,9,Medium
8,40.08557590923327,9.78206338999974,4,7,Medium
9,37.75577306084968,9.826859797865811,4,2,Medium
10,34.61670404326024,13.310813799292195,1,1,Low
11,35.65535228764314,11.38395294737259,0,8,Medium
12,39.78746087592188,8.0505523132408,1,3,Low
13,33.812164429154336,17.106700106599583,5,10,Low
14,38.3571786979215,8.51124899301813,0,8,Low
15,29.862224007009203,16.926429098647382,2,2,Low
16,41.88636157786851,5.038867362912588,2,10,High
17,35.23012742415391,5.514276509706921,5,1,Low
18,42.341581588635215,8.726492512967102,0,6,Medium
19,39.79702702738025,7.982063206042101,3,5,Medium
20,43.33493391565238,9.222758757301312,2,8,Medium
21,47.18086500259819,9.614461092570833,3,4,Medium
22,42.60135849429355,14.612978858618563,1,8,Medium
23,45.31280438498148,11.354969134461664,0,6,Medium
24,43.42137506741095,7.945680727777306,1,2,Medium
25,34.74837855469166,7.698016165160004,1,2,Medium
26,34.58336219748486,10.349960926523583,3,6,Medium
27,48.2266760481902,2.6194883273848166,5,6,Medium
28,41.659339398529134,8.500372565562596,4,10,Medium
29,33.63396147263324,10.856298476087002,2,4,Medium
30,45.82038951161896,8.974539932243655,5,8,Medium
31,40.4490420273762,13.848558790852785,1,4,Medium
32,37.625138863880196,9.31935970280697,4,6,Medium
33,36.71094010826262,10.899031114159703,0,4,Low
34,32.27670034575574,9.634699364527869,0,10,Medium
35,42.23870180510044,14.219631411194154,3,1,Medium
36,34.3886520291021,10.164333879171824,4,9,Low
37,46.9130336335174,12.8450538578769,2,8,Medium
38,43.72390734025569,7.632045667025681,5,2,Medium
39,41.246668883926304,6.80579001996975,1,8,Medium
40,32.713490297790486,8.406018997072005,5,10,Low
41,41.478475477841044,7.028655070127869,4,3,Medium
42,36.44871944492497,10.799975623990154,2,4,Low
43,44.00413045410879,9.221056617522335,5,5,Low
44,46.62074897132737,12.943969038611975,2,2,Medium
45,34.18575405689398,3.4755016257892635,3,3,Medium
46,46.86255205722798,1.7468731588374862,4,8,High
47,35.49089645547283,4.973254131759168,2,6,Medium
48,48.58144870345005,9.723725284167818,2,1,Medium
49,37.48358792127616,15.25430923729597,3,1,Medium
50,45.10185084005916,8.686178228881799,3,1,High
51,41.17297369615505,9.474489419566424,1,1,Medium
52,38.26542527104031,9.439024663203098,1,6,Medium
53,36.93308915813049,9.659732907977135,3,6,Low
54,34.812932387510585,7.765913760712841,3,5,Medium
55,34.50986991291901,8.6968583213391,1,5,Medium
56,26.367973306271843,8.384612505680217,5,3,Medium
57,43.425935573038224,11.04829454830274,4,1,Medium
58,40.34052353566494,7.959120365209932,0,2,Low
59,43.9220171412001,12.472356484238368,1,9,Medium
60,46.831567077261866,7.940072333700996,2,3,Medium
61,34.46038668761976,6.449035859495524,2,8,Medium
62,40.55096146302422,11.97023464114723,2,2,Low
63,39.92361741142227,6.140407789898468,2,7,Medium
64,37.38086057463526,9.182415969313581,2,4,Medium
65,37.93526201443624,9.73696652520711,1,6,Low
66,38.75587240126438,3.8856650194660602,2,6,Medium
67,37.25320916620561,10.589067837540636,2,10,Medium
68,33.25696613426108,6.890187128439418,3,4,Low
69,42.675538408642446,13.027184672303523,1,1,Medium
70,40.052444392788956,8.498177983170608,0,10,Medium
71,31.824924654299974,9.876739832676435,1,2,Low
72,44.310849643543776,11.913054562672526,0,9,Medium
73,35.9157912589539,11.85246769802195,3,3,Medium
74,46.75119028835915,16.176211947026506,2,1,Medium
75,42.26974982466405,5.283301837266497,2,2,Medium
76,40.46322023648251,6.603879971996985,4,9,Medium
77,34.10322590503557,13.110046385374396,0,6,Low
78,47.67167886348618,12.807474003253525,1,1,Medium
79,38.941709678414895,5.565731290589109,5,2,Low
80,39.1510645489839,8.459675295271138,2,6,Medium
81,41.01385394677817,7.617149178184638,3,9,Medium
82,49.63669914087161,12.338894717165427,0,10,Medium
83,35.15583459849852,14.661688653312934,5,10,Low
84,30.281423672171606,10.74915186652365,1,3,Low
85,38.54337477992229,11.950215758529252,0,4,Medium
86,45.912114285834456,11.58078052249744,5,1,Medium
87,35.12596548459121,14.073538767239189,2,2,Low
88,40.350714914699395,6.6789161094827145,1,5,Medium
89,33.42806938787308,14.263931809697723,1,9,Low
90,38.91748831269089,10.9192758279795,1,7,Medium
91,38.7230955782261,13.700476337316957,4,8,Medium
92,42.300679984409186,11.586975438420078,1,5,Medium
93,44.8456920574499,2.455164029079583,3,2,Medium
94,44.81524043594678,9.910818911526318,3,3,Medium
95,39.764445483060456,13.857984149766365,1,4,Medium
96,40.502409846007815,7.611472948061277,3,8,High
97,45.83378335006247,8.666818789500326,1,8,Medium
98,44.99690747549408,8.514115534448235,3,2,Medium
99,33.79435280364402,15.110527478865055,5,1,Low
100,40.33483181590596,6.672502340727258,3,6,Medium
101,21.207628829055988,11.875965186051419,2,10,Low
102,46.20800584565248,8.555578563261747,4,7,Medium
103,38.51491155394514,9.88468937117091,1,9,Low
104,37.192495676798764,6.969029924108867,1,9,Low
105,43.35073323031157,6.13356727382099,2,10,Medium
106,41.541675337530414,7.321497505049049,3,8,Low
107,44.86687866845543,11.905397498076981,4,9,Medium
108,42.52746348681225,10.036406744937334,3,5,Medium
109,50.066843498414144,11.278659167388847,5,4,Medium
110,40.88228861622757,14.931854124180092,2,6,Medium
111,23.497924477860796,10.183102362489983,3,2,Low
112,48.16105117196514,6.939110886799942,0,6,Medium
113,35.205912246609294,11.08622563402744,5,3,Medium
114,43.71124372498874,8.486710529729955,0,7,Medium
115,40.392657146327636,9.972583787528942,2,7,Medium
116,45.202254610478874,16.15922813326484,1,7,Medium
117,35.81494687840907,6.712856717148046,3,6,Low
118,44.41115428811908,10.120793300921944,3,2,Medium
119,36.460518680011596,4.2424663061635375,2,7,Medium
120,39.733860355988455,6.730807593772954,1,7,Medium
121,36.62141915545863,10.791078758509883,5,8,Low
122,37.21153066226007,9.502873293393321,3,8,Medium
123,36.823111635304905,13.308152700541376,5,7,Low
124,35.71161447001688,7.847244335121544,0,10,Medium
125,47.26509021498626,9.813718747900028,1,1,Medium
126,42.6704047398868,6.058705716358373,3,4,Medium
127,45.477889970802664,16.471453809118387,3,2,Medium
128,41.00093995038332,13.145804550880797,0,1,Medium
129,35.6438035120393,10.664444767384596,2,10,Low
130,40.48093707646506,7.402744933915138,0,7,Medium
131,45.85899524402519,6.368803595861525,3,7,High
132,38.74255212678963,9.147667142464817,4,4,Medium
133,36.34983910921407,12.230288897970045,1,9,Low
134,46.75368531376582,11.786774862153269,2,4,Medium
135,43.97253059990113,11.735500859231356,3,8,High
136,46.98909186203323,11.618049043775063,4,3,Medium
137,38.35996561274009,5.880348742465161,2,9,Medium
138,38.01896106902842,10.424076297489256,4,1,Low
139,33.37225403426727,5.745945794481287,1,9,Low
140,32.12685327669931,19.678490461697805,5,2,Low
141,45.42960160091241,2.4042730508194268,3,1,High
142,31.817568426184025,7.54202929679173,1,8,Medium
143,37.757324708713995,9.130263626671047,3,8,Medium
144,47.14221363968472,13.421891701868068,3,3,Medium
145,44.05804368345029,9.77879163830831,2,5,Medium
146,36.85526464591872,10.961988362334976,1,9,Medium
147,36.52488133161183,6.847392989881071,0,10,Medium
148,38.988541658866495,5.690913488965898,3,3,Medium
149,36.82202916468871,15.390576392194111,1,10,Low
150,31.09334946397879,11.385167485601942,0,8,Low
151,36.89357991743508,11.935972238331725,1,4,Medium
152,36.47559466555643,12.512161323125145,3,5,Low
153,40.533993296057695,7.7518189927869585,5,4,Medium
154,44.468693692575755,7.8877841149439565,5,9,Medium
155,44.41069249189738,10.002605500144728,0,7,Medium
156,39.70552681349713,12.460546042010764,1,3,Low
157,44.60735390569922,11.820544270603987,4,10,Medium
158,38.385836866931285,11.51558296712934,0,1,Medium
159,34.6250923000751,5.6079674486564794,1,10,Medium
160,43.62187353497323,7.13590582204156,1,8,Medium
161,50.39456597474036,11.542164703878411,1,9,High
162,44.1536107910829,8.145079947611354,1,9,Medium
163,35.763026444389425,11.65273050949623,2,3,Low
164,36.44882572196832,7.958872128310299,5,4,Low
165,42.21252535756838,12.088289330016716,4,5,Medium
166,37.2830848406892,4.889467086364082,2,3,Low
167,39.88465771325904,14.609220624944612,5,5,Medium
168,41.27649603756596,13.289212857937953,5,5,Medium
169,43.267908155004136,8.314606644186986,0,8,Medium
170,33.22774757690318,3.4462471389113114,4,1,Low
171,52.10888675120236,11.703827663382315,5,3,Medium
172,42.70923310298465,6.367206155484143,3,4,Medium
173,46.74805547891759,7.996681370882531,0,10,High
174,36.5050808251576,13.112045810709756,0,6,Low
175,36.97730832791185,13.038209708976535,3,8,Low
176,40.248709902930436,11.458587362597072,4,10,Medium
177,42.53018720823362,8.818313646265477,3,5,Medium
178,37.12402625816282,11.886097050670216,4,5,Medium
179,40.934235237858644,11.383451921242022,5,1,Medium
180,45.056050253146076,12.650754516969402,2,7,Medium
181,35.169032528514784,11.674447726088651,1,1,Low
182,36.03109465523317,10.24460905824854,4,4,Medium
183,40.53845178538353,6.626308452997461,5,6,Medium
184,46.581675770801276,10.70178399579951,1,1,Medium
185,42.850400642843205,11.86026243375857,4,7,Medium
186,30.717622322919283,12.857883785893366,2,7,Low
187,44.84457172315613,10.310878790408387,1,5,Medium
188,51.21495604291875,7.737007406421207,5,8,High
189,40.204479504784835,12.912322722341047,5,5,Medium
190,36.13481045409516,6.194807833913536,4,9,Medium
191,23.49852353471883,0.8559730243550447,1,9,Low
192,36.27420764338742,11.448406485583092,4,1,Low
193,37.467085622055436,14.161903887768295,3,4,Medium
194,33.15685936353082,8.275270603568815,3,10,Low
195,34.67120234108296,9.937801137490482,3,9,Medium
196,37.01614082562392,12.199942607741626,2,6,Medium
197,41.379159752972676,17.58872134657009,0,7,Medium
198,41.046714230813905,5.957974878555288,2,5,Medium
199,37.19708352899996,14.122072024380692,0,7,Medium
200,46.79017647758354,9.863434532930713,3,9,Medium
201,49.42574743932987,11.13917363116984,2,2,Medium
202,42.383426668314186,10.446793166834588,4,3,Medium
203,45.56349318597449,8.816681285612885,2,10,High
204,44.121545192291826,13.024398069659155,3,1,Medium
205,39.64466205990531,11.108005763820847,1,3,Low
206,39.73972074677929,7.933413394080977,4,8,Medium
207,45.372838463744735,10.783592009416022,4,6,High
208,41.72237896904226,13.321833511590146,2,8,Medium
209,45.766473264256916,7.681818999093022,0,8,Medium
210,36.50013318663556,6.287561282523344,1,9,Medium
211,43.827426473131496,11.961012836124354,2,10,Medium
212,47.2711575307477,9.669599721103157,2,4,Medium
213,39.28594332666076,14.780488144509352,1,1,Low
214,35.26660195531263,10.190211494158246,5,8,Low
215,35.76191100230958,2.0618196658084216,2,2,Medium
216,47.82885215426208,16.69337764611878,2,1,Medium
217,34.87824727329223,16.224988965838804,4,1,Low
218,39.641351401688766,10.565196897440174,0,3,Low
219,43.52395931769079,11.83536413516671,0,5,Medium
220,44.35261212267397,10.58874180016903,3,10,Medium
221,38.89411191212579,10.329340118597417,5,7,Low
222,33.62672223011263,8.850377654529767,0,7,Low
223,40.59805532715609,7.107423477604332,4,5,Low
224,44.16308082365227,9.427329275442032,5,9,Medium
225,38.60500763281787,12.366753909687684,0,3,Low
226,39.95442006563674,13.261557172546993,0,7,Medium
227,37.12197489875439,8.089479243079094,4,1,Low
228,36.535135551590535,5.823911282532139,1,3,Medium
229,34.186760677181695,8.723775723174493,4,4,Medium
230,42.69224081803398,15.971076594515488,4,8,Medium
231,39.29881473867837,12.608467219145306,0,9,Medium
232,33.02377530462985,10.11271120082232,4,3,Low
233,37.19574618870572,9.992542173123233,4,4,Low
234,39.654848306961824,9.53784104202444,2,8,Medium
235,36.25625404138295,12.757558698447367,5,10,Medium
236,38.743247123359225,11.123004263590625,0,1,Low
237,43.78689453109997,10.836847542961934,1,10,Medium
238,47.94374102164103,9.119020330038632,5,10,Medium
239,32.67664272949703,8.572407031972181,0,8,Medium
240,40.21679827760064,9.999713053721129,3,9,Medium
241,41.97274925580241,9.058894233117366,0,6,Medium
242,37.16339453133308,7.073809036130704,2,5,Medium
243,50.09822685793991,13.981515881289564,5,4,Medium
244,41.50050562049539,8.631318004630721,5,7,High
245,44.178873011697604,13.283700128177589,4,3,Low
246,45.331403942220824,11.953317046591511,4,10,Medium
247,39.47423559304122,11.317388546793346,3,2,Low
248,46.799349800387816,10.265744263076456,1,8,High
249,38.62802871752933,11.337319274541075,1,7,Medium
250,37.64675467574873,10.600821606381094,3,8,Medium
251,41.173446622104656,9.420041446188531,1,7,Medium
252,41.510572379062374,12.184663727470179,0,9,Medium
253,41.228716357331784,9.437243922715009,4,7,Medium
254,36.033366170009565,7.531966933456728,5,9,Medium
255,38.05981933791284,10.08770818521558,2,5,Medium
256,40.45295277715158,7.538668495411743,0,2,Medium
257,33.28313350566377,14.044405160285075,3,5,Low
258,28.697116642195148,14.047889664368281,3,5,Low
259,38.525467708562715,7.2010309018183785,4,7,Low
260,46.465961931776,11.306800874799386,4,2,Medium
261,43.897126500542214,10.674371500167755,5,4,Low
262,37.511439423279526,11.460598947304943,1,3,Low
263,43.026753533307165,9.9397121769315,1,7,Medium
264,40.04274640310122,10.674946562249069,1,5,Medium
265,50.54235964702417,13.892206595883456,1,6,High
266,38.10123924427481,11.753542602420522,5,8,Medium
267,34.614192215156976,8.971128133975128,5,5,Low
268,38.02955124735935,8.341219495876526,2,2,Medium
269,41.24230929955125,7.493165793242413,3,3,Medium
270,41.28010182522142,10.888852420670293,2,1,Low
271,34.4618435915927,5.226227610601471,0,5,Low
272,32.81892317452867,9.965563047264473,4,8,Low
273,44.32668008702068,14.587931299034093,3,8,Medium
274,35.007064707713795,10.664110279607865,1,10,Low
275,39.10199463414344,12.425651658262726,5,8,Medium
276,34.44917052598342,7.979813584235007,4,1,Medium
277,45.915820406223986,6.889173675920654,2,5,Medium
278,32.89460883932738,5.5279403188997405,4,8,Low
279,37.88572431389987,14.556293244482504,3,7,Medium
280,45.74796200402078,12.199312197833413,2,8,Medium
281,41.42113801320502,8.98137682090983,3,3,Medium
282,33.61274007930217,9.680191199630917,1,2,Low
283,39.585666454578195,9.832707191534476,0,4,Medium
284,32.73855074431523,15.142847730499284,4,3,Low
285,48.12081225067609,11.486015631963747,5,5,High
286,35.01272597764694,9.72079991097615,0,2,Low
287,36.38139419380919,7.484294264955454,0,9,Medium
288,37.630681539575754,12.696987536290422,3,9,Medium
289,31.62692019464003,9.33950082979263,4,10,Low
290,47.110609465036305,8.84873598475505,0,4,Medium
291,39.35389487408382,11.711561717364576,5,5,Medium
292,34.03586047931255,10.2499828315826,5,4,Medium
293,38.813474179802505,11.124148168725677,2,6,Medium
294,37.52883515912179,9.065207709853148,0,9,Medium
295,35.762171083191234,11.653759325397672,2,10,Low
296,38.80608365069817,10.426078240274485,0,2,Low
297,40.34566255180742,11.385476697585162,2,1,Medium
298,40.059415638164204,9.452974431335567,0,7,Medium
299,40.40402079023261,8.631618086318802,3,8,Medium
300,42.64531365023608,8.508803980733394,0,2,Medium
301,44.48469226590842,4.547372100402065,3,1,High
302,29.901435735093507,12.43156832824623,5,2,Low
303,40.56289735238301,8.921366060686283,0,1,Medium
304,40.42368192027178,6.537687649923903,3,5,Medium
305,40.7939535688575,13.371232593338977,3,8,Medium
306,41.67697342796787,10.054627485827003,5,9,Medium
307,33.585891845707074,8.411762854503756,2,1,Low
308,48.11751936089495,13.881712714769845,4,9,High
309,30.948350764848907,6.891449514001019,2,7,Low
310,37.45314469010504,7.90288542820242,1,3,Medium
311,37.63697142205157,14.223937448224104,0,4,Low
312,39.1953083117835,7.8050570804243655,5,2,Low
313,34.633673804873254,11.175782940737161,0,6,Medium
314,42.34282527662421,5.049794920277309,1,10,Medium
315,37.24341185836914,18.5308705990571,5,6,Low
316,38.1402920039941,15.209568350631251,2,6,Medium
317,40.329540726165,10.00395513664167,1,9,Medium
318,42.24869916017923,11.087439124872683,3,3,Medium
319,28.433617459017498,8.974462987573737,1,8,Low
320,46.12389125032213,6.358901928429923,3,10,High
321,31.763763268555596,9.154111258332097,1,6,Low
322,35.26404539947012,10.407302734365476,1,4,Low
323,36.77345673537189,8.364746169467562,3,4,Medium
324,39.74275925993349,12.475633539020821,5,1,Medium
325,45.9332675041112,3.009556373508044,0,6,Medium
326,41.528613644577064,12.198113812197093,2,5,Low
327,46.118522258982225,7.47858035888137,1,2,Medium
328,46.14202687153,8.298323570622802,0,9,Medium
329,36.358118079266895,9.098786760689148,1,6,Medium
330,41.40017955129284,10.44101215865666,3,3,Low
331,29.803651914518447,12.563345664364242,2,3,Low
332,35.36841841387643,16.958777812854528,2,4,Low
333,39.833091856837655,8.054155441858835,1,6,Medium
334,42.20895909764472,9.107107338284804,2,4,Medium
335,37.85929396487745,12.011529123680802,3,7,Low
336,45.22362614798792,5.994757671093518,0,5,Medium
337,38.74278552367699,6.780570415480291,0,9,Medium
338,48.92895017537479,16.150099147693155,3,5,Medium
339,39.55615863336878,7.178647958872801,1,4,Medium
340,41.83816986741178,9.537750974071146,5,7,Medium
341,41.426346690018775,12.911988269338279,3,9,Medium
342,40.41097296476631,11.89811663739781,1,5,Medium
343,45.235033995914264,7.926248182946351,2,8,Medium
344,42.831079561364234,7.94722726580849,0,6,Medium
345,34.33475800368721,7.355237642264335,2,5,Low
346,41.03881750452642,10.882641941534352,0,2,Low
347,40.19857856796401,10.221034241633538,4,8,Low
348,43.53011247623406,13.806874781107755,5,7,Low
349,40.14604444800697,12.619065135066608,5,6,Low
350,42.01075525361339,7.268756193397367,5,7,Medium
351,44.34370427859041,2.5915561341667335,2,2,Medium
352,43.226633983203,12.072841470911829,5,8,Medium
353,42.37232612959746,9.34367535523616,3,8,Medium
354,38.619261195855835,9.936535007972001,1,6,Medium
355,42.46369608253956,14.54812338538412,4,3,Medium
356,40.55066796065366,8.585702981350565,3,5,Medium
357,36.41520652272639,10.585909729976194,1,10,Medium
358,35.98887359708797,6.7314325623155495,5,5,Medium
359,36.440532412688654,7.475343270249636,5,5,Medium
360,37.914570329903405,7.053704388738585,5,8,Low
361,39.49608614321541,6.680829920018995,1,1,Medium
362,36.08328623763701,8.587004281095284,3,10,Low
363,45.06903644736906,8.671987248578963,4,9,High
364,42.733958907382885,12.079663190244045,1,10,Medium
365,44.8168268686646,7.9235576671210195,0,6,Medium
366,37.74944224432243,15.359481322959118,0,4,Low
367,36.734388936651044,11.033377439689497,0,8,Medium
368,32.97362740412723,5.104609027041933,2,5,Low
369,30.544123916813952,12.549311953270404,1,9,Low
370,40.082846496890994,6.283091306179199,0,10,Medium
371,42.44980858151354,5.036909967857902,0,8,High
372,46.05653056583424,8.010509542034567,5,5,High
373,40.976298663159696,10.272140462833335,3,4,Medium
374,40.70321363607597,8.65792576769314,3,8,Medium
375,37.2065398888351,10.108264247522024,5,7,Low
376,47.458517979400916,8.643400847970561,0,3,Medium
377,46.975529905223866,10.108658017596776,1,8,Medium
378,47.93433261793863,7.8080318514677085,3,4,Medium
379,37.734078237243786,14.899233950318123,4,7,Medium
380,46.583877564211676,15.49810826985819,5,5,Medium
381,35.66014837131494,8.109982702122746,5,3,Low
382,41.824471479022485,8.191964346168326,4,4,Low
383,38.37240471457712,10.199364545571292,2,3,Medium
384,46.519396265329576,13.227869082840847,3,10,Medium
385,36.167685918250484,8.475453193259492,0,5,Medium
386,32.812906432937616,11.442712052679465,5,1,Low
387,35.90578127339739,7.86763125674314,3,8,Medium
388,37.23986744342088,10.950329949455531,5,8,Medium
389,48.47476211535873,10.394010037666206,5,4,Medium
390,44.22068161429662,7.361869606193703,5,2,Medium
391,30.89915925319572,11.962289648449095,1,1,Low
392,31.614701111316172,10.140127331841159,2,8,Low
393,36.30669005669719,7.358084220417764,5,3,Medium
394,42.55553702899512,14.089849900118924,0,10,Medium
395,45.306975331630476,7.264241507606949,3,4,Medium
396,35.65680365789653,12.533152346839712,1,5,Medium
397,29.552287517528978,11.05962355177074,5,1,Low
398,47.821493260626404,8.620621217468079,5,10,Medium
399,43.92894360695832,10.261252066229838,1,1,Medium
400,37.13941446144209,7.493414176526603,0,8,Medium
401,42.9770697563721,7.288040254446635,1,4,Medium
402,42.12302606640925,6.222421996324592,1,7,Medium
403,40.89113672431638,6.055923649179966,2,9,Medium
404,40.749193302191244,7.94787974179429,1,6,Medium
405,41.47086863071072,13.773534477985779,5,6,Medium
406,41.314777599020275,11.674910834187832,5,5,Medium
407,42.5742344654892,10.833217520325793,0,6,Medium
408,37.90906529117797,10.786990542176206,4,6,Medium
409,46.704076029091524,9.864380188022132,3,1,Medium
410,33.250426759499916,11.654436131394625,2,2,Medium
411,51.8910836920883,4.518191458652595,4,2,High
412,45.67784462221796,4.82032306374535,5,6,Medium
413,39.66836786196081,12.718575826906099,3,2,Medium
414,45.75195859414316,8.905326170728719,5,1,Medium
415,36.38210340798564,13.435798606109035,1,2,Low
416,41.469880527426724,2.557322780685527,1,8,Medium
417,33.755691093763424,12.045991920539075,0,10,Low
418,40.67170022896138,12.1463980478714,4,5,Medium
419,46.64030926780389,13.67275981883214,4,7,Medium
420,42.381256931745924,14.848588958320788,0,10,Medium
421,43.88435867077853,8.561577639768352,1,2,Medium
422,36.58089157978233,7.493870469922177,1,5,Medium
423,50.091662374085494,9.370373748793478,5,7,Medium
424,39.71815651469969,9.707965818708972,0,2,Low
425,42.91096031468365,6.655118664568462,5,8,Medium
426,37.13898158858967,9.797615302310334,5,1,Medium
427,32.10716023131235,7.100664688400366,0,5,Low
428,44.899060555910395,9.761136001946674,2,5,Medium
429,36.55931868225606,13.188492831968325,2,6,Medium
430,36.610495664023325,13.227560424088328,5,6,Low
431,39.677442698462464,12.283697939567778,3,8,Medium
432,40.745947702840425,4.1046430140725665,5,1,Medium
433,45.11379564921369,9.670847074258635,1,6,Medium
434,37.98862897263263,12.757911117314137,1,5,Medium
435,42.23899259899696,9.531226851521666,1,1,Medium
436,37.66323793945725,9.337202363488645,3,8,Medium
437,33.15242605644916,10.820168970330839,4,6,Low
438,37.910663866642395,7.427760558330968,2,10,Low
439,38.38675213316201,7.542995797146704,3,6,Medium
440,45.593134561356706,11.091410947022288,2,2,Medium
441,38.15234468645652,11.011664087100979,3,7,Low
442,39.277413428123786,11.232362572071997,0,10,Medium
443,40.82526625283596,13.622741573566719,3,9,Medium
444,43.71528936648641,6.066063058812972,0,10,Medium
445,37.4930675442839,7.345334195609695,3,6,Medium
446,46.14545415711178,12.374192237335723,2,1,Medium
447,48.96509043708845,13.422299361068582,0,6,High
448,42.99442319081238,6.678996479756684,1,2,Medium
449,41.09249592142411,10.091780281669717,4,8,Medium
450,38.15188523575137,8.282177465725475,2,8,Medium
451,46.94232713461996,12.304014070572832,0,9,High
452,45.45188155809995,13.694883633416222,3,2,Medium
453,41.00877054312032,9.333318844914738,4,8,Medium
454,41.0686221166672,5.470387732332987,3,5,Medium
455,40.15603524264903,7.947316348014178,1,4,Medium
456,39.842575966684436,10.025604111850814,5,7,Medium
457,38.49029488128429,6.559939908910664,0,4,Low
458,43.6833429265669,9.983012739452422,2,7,Medium
459,38.932421076980205,8.855923173468238,3,3,Medium
460,34.04369588968221,12.280587021842953,3,10,Low
461,41.413041272715915,8.27519759960126,1,4,Medium
462,40.07625067983613,9.229289755458687,0,1,Medium
463,40.77603338816294,13.173028060905816,4,1,Medium
464,44.70522052365688,8.129857998869129,5,2,Medium
465,43.399686474415944,10.852979986658553,2,2,Medium
466,35.45704961032986,14.402921275860097,2,1,Low
467,39.81112353732572,12.714677819123033,5,4,Low
468,42.49789724919539,7.337335124535146,3,8,Medium
469,34.09265769162985,11.26947946787252,2,1,Low
470,38.97527283736212,3.6152371145260283,1,8,Medium
471,45.73690622583446,6.012783056963719,0,2,Medium
472,42.38304817431808,8.983106403139919,0,9,Medium
473,45.19169260782653,8.95400523357237,0,3,Medium
474,36.79735461744671,7.259294916200339,2,6,Medium
475,41.67842244567788,12.792240879394656,0,2,Medium
476,42.773640939524356,8.600522856549832,3,3,Medium
477,41.52623838173346,18.099883227818765,3,5,Low
478,39.64307204653548,7.652946498242466,1,7,Medium
479,37.57569556034409,6.582420570748427,2,3,Low
480,45.473885496858024,7.345984883383476,5,9,High
481,49.29235335214839,7.35687868573369,0,3,Medium
482,52.26788997642429,18.220996161266285,5,8,High
483,38.88857165502312,12.07993848275889,3,8,Medium
484,42.605867737583914,8.685182513684053,2,10,Medium
485,25.033783354363884,10.684222011638028,2,1,Low
486,40.945210607588756,3.8078474383869843,0,4,Low
487,32.69383514150998,10.04312464335618,1,10,Low
488,45.04030143095109,16.61608244710326,2,7,Medium
489,34.51544666549851,11.159083613405183,2,8,Low
490,44.076989312491314,6.439564344122635,1,3,Medium
491,36.687794394886815,6.660598511420445,1,8,Medium
492,37.9682861932914,2.9594197570949117,2,4,Medium
493,46.39729099796297,3.9667349089047903,2,7,High
494,36.862875306207606,13.810033900611447,1,6,Medium
495,42.536491637370524,3.4934030182649174,2,5,Medium
496,28.843117604604238,11.973617764656748,2,5,Low
497,45.740563681753656,3.8815282102888746,5,1,Medium
498,39.995696501328915,7.697396035919638,0,4,Medium
499,44.36675383623273,12.971721929260998,1,2,Medium
500,48.33586661898501,13.206084073884455,2,8,Medium
501,42.87881069974066,4.816775834823098,3,4,Medium
502,36.9668701480436,10.805314203298394,3,7,Medium
503,44.438423455050184,8.175010797390478,1,6,Medium
504,33.75329599882567,12.633973962283513,4,1,Low
505,37.33407806711409,12.944213898192139,0,10,Medium
506,42.41992613374341,6.905471135348981,0,2,Medium
507,44.17151583978077,8.522144232591897,5,9,Medium
508,40.839870666568,15.500192219048511,3,4,Medium
509,40.490134553526566,7.821442879833162,4,8,Low
510,25.29567595672364,9.827833771618664,3,9,Low
511,33.01437115748948,12.811116974818297,4,4,Low
512,35.346871480901,9.654005144646655,2,8,Low
513,33.88675136584035,13.29061412838518,3,9,Medium
514,41.63337567166406,9.858430486508018,5,10,Medium
515,46.09846891272404,7.885883174870502,5,7,Medium
516,45.59262915464819,10.802208371019773,3,1,Medium
517,35.18532998164304,9.151215075461774,5,4,Low
518,44.77927313840387,11.19634897505237,3,1,Medium
519,39.48632857069269,8.527893563284008,1,9,Medium
520,37.605877286388704,9.1510109634369,0,2,Low
521,46.93457329192541,10.44162049497847,2,1,Medium
522,40.55205978601712,13.35329708220305,3,6,Low
523,35.27536155167674,14.348776373281458,3,10,Medium
524,39.92627692919169,13.557203299151034,4,1,Low
525,50.53102760540884,11.637825605675003,5,9,High
526,41.038711380596745,9.455766903061457,5,2,Medium
527,44.4023824948699,3.65644217909559,4,6,Medium
528,42.318211448876646,12.591979461565202,5,8,Low
529,39.87259637159616,16.58463162422047,0,2,Low
530,44.33019001829109,8.945353496429693,2,2,Medium
531,35.36337595864543,8.1084645595134,2,10,Medium
532,38.19206941689097,9.924924177192489,5,4,Low
533,41.94996764421823,10.31754585816891,0,4,Medium
534,44.42131938507952,6.251042255508633,1,9,Medium
535,44.41360290544952,12.599224493589404,3,7,Medium
536,40.335428872141044,7.99616369954286,1,3,Medium
537,50.34887886445037,18.103640821045442,4,4,High
538,39.44302291073486,15.775532851213267,2,6,Medium
539,32.30962934717883,10.758370109541714,5,9,Low
540,45.093004223381215,11.233869691908282,3,4,Low
541,31.04404989857499,9.471982044295753,1,2,Low
542,49.40675966616729,8.797852435306641,3,1,Medium
543,36.0051451749445,7.837699620545709,1,9,Medium
544,44.50244830254713,11.952664214184495,3,6,Medium
545,42.56885669794255,14.418632003116777,2,3,Medium
546,35.05556013549179,11.273719556911828,4,7,Medium
547,40.1233875809348,16.59897692838426,1,3,Medium
548,42.85297904147219,10.680841240397472,3,5,Medium
549,41.086983846232464,11.113089902472913,2,5,Medium
550,57.48102768812262,7.294999632880268,3,5,High
551,35.003268732478965,8.636967684491983,1,6,Medium
552,38.801427053205494,11.015355308347875,3,5,Medium
553,41.30968658979048,7.619808496916718,4,4,Medium
554,39.11970701766703,9.004948276440247,4,3,Medium
555,39.33409546170747,13.14644056857504,5,2,Low
556,35.10670015447102,11.511725902931362,2,3,Low
557,41.0952893552159,8.937314763366132,5,9,High
558,35.39003242620008,12.621533482041835,5,10,Medium
559,42.088793974209544,6.719334888109529,3,7,Medium
560,35.42920977549021,10.026235037742808,3,9,Low
561,39.04887998747072,12.26573604450361,5,7,Medium
562,43.3813308521586,12.351583369540226,5,4,Medium
563,36.75572204240311,11.067227374120977,0,4,Low
564,43.76488450976492,11.032623500067212,2,9,Medium
565,28.84318640741048,11.370801869152594,5,6,Low
566,43.135704318598926,12.81199930351152,0,3,Low
567,35.73951442421504,7.923169774944347,5,8,Low
568,45.72201006903322,9.611596413865025,0,10,Medium
569,37.01198455505204,16.22018475188493,4,10,Low
570,49.007657093731666,11.25719238366596,2,7,High
571,40.87245230365123,13.340263592839682,0,1,Medium
572,34.909157891799644,10.191287100499975,2,9,Low
573,40.22295517250159,5.038527550542012,3,10,Medium
574,42.47145351920723,11.040069021825495,3,6,Medium
575,32.538377970651496,9.973952534544184,0,9,Medium
576,44.63522402003962,10.792526855964962,5,1,Medium
577,43.260463557408,9.089493158203085,5,10,High
578,42.60733349888608,14.4343005193643,1,7,Medium
579,50.70322672543475,8.843067100822969,0,5,Medium
580,39.04430736623272,6.219577646508085,3,10,Medium
581,41.201256572037884,4.3105869669334815,3,2,Medium
582,24.604766337493402,13.43866570982515,4,2,Low
583,45.05031047383415,15.63613032826167,1,4,Medium
584,36.68580984026206,12.98518122635981,3,3,Low
585,40.29661163708765,8.864126111486595,5,5,Medium
586,31.85173317458858,11.085185955773717,5,10,Low
587,40.16540037220546,5.2611175161599855,2,3,Medium
588,45.98108428352454,11.03262333873954,5,3,Medium
589,35.23629129472936,12.07887377582772,5,2,Low
590,37.21148188095485,11.03668028726659,4,10,Medium
591,37.60108155491511,10.309978980478634,4,6,Medium
592,45.401491866453576,12.039204507707648,1,1,Medium
593,40.66258391312576,11.629905393913564,3,8,Medium
594,40.62566558297481,15.719878061057038,4,7,Medium
595,45.7439461375544,10.800588531042722,2,1,Medium
596,36.96205042077361,7.149869370432641,0,4,Medium
597,43.42530471484353,8.458919464677782,1,1,Medium
598,49.21712935361083,12.355061334175348,3,3,Medium
599,38.21063550002705,8.776834514943078,5,9,Medium
600,33.11211732344916,11.758722699026983,2,10,Low
601,38.56953591932019,15.36973145013865,0,7,Medium
602,40.14550994609411,8.521334700504958,5,6,Medium
603,40.01990895134728,12.886449106696606,3,9,Medium
604,49.27000685033309,10.226664735576538,5,9,High
605,43.19337654617732,13.572229217655059,2,10,Medium
606,36.743829756541146,10.81130678373713,3,10,Low
607,43.930298955611335,8.91638741825777,3,10,Medium
608,36.33083051786887,17.124653497336695,4,3,Low
609,40.58374396218919,6.944172122428601,4,9,Medium
610,47.89125944055453,11.227149988871364,1,5,Medium
611,34.01804239478675,6.302555240586373,3,2,Low
612,29.540545070742034,6.765083431601495,5,8,Low
613,51.60096192471147,8.274995340222006,1,1,Medium
614,46.039970878338806,9.236524848286466,2,3,Medium
615,46.649123222564555,9.78949942789742,0,5,Medium
616,28.16802615507835,11.098039621011143,2,6,Low
617,38.679412971327125,8.908972607614457,1,5,Low
618,42.484610664135985,13.640693564692487,5,1,Medium
619,51.94942745203375,7.915828119304851,3,4,High
620,39.17145967272653,10.061081851100495,2,2,Low
621,35.54709589795646,11.379603627514776,3,1,Low
622,38.49781831447321,8.355773262848178,3,10,Medium
623,42.4734072992807,6.240714751534926,4,9,Medium
624,42.723285656504814,10.660485136687287,4,8,Medium
625,42.19375690012015,8.322695175668626,2,10,Medium
626,45.17734132927195,12.378226772395115,5,1,Medium
627,46.83562722685163,6.520585849158703,1,4,Medium
628,39.33100130776883,7.3726861922814955,5,5,Medium
629,38.81727972304599,6.808414545571099,1,1,Medium
630,39.34505369964269,12.81636651380435,4,3,Low
631,42.123440125790836,5.968312848569989,3,1,Medium
632,43.451034742853636,5.52999609808532,2,9,High
633,38.41149635558323,11.060244109840335,4,6,Medium
634,44.09531377842755,6.2190215977327465,1,2,Medium
635,32.29468273882316,8.235933371538186,3,6,Low
636,47.253951857447426,7.001196452518407,1,4,Medium
637,42.17732190174256,8.61180460982284,3,1,Low
638,39.91033268614642,16.021988593873786,5,8,Low
639,35.366377346677325,9.552151930351675,5,8,Low
640,45.01608564196842,9.83193291047239,2,3,Medium
641,35.160890301619695,8.522220790505614,5,10,Low
642,43.26080092717703,14.602327232321176,1,4,Medium
643,31.77512135963861,9.817560562414485,3,9,Medium
644,42.56120581559381,8.241822858217041,4,10,Medium
645,44.75902338137525,9.045472097216727,0,4,Medium
646,40.12230264738661,11.206667985890908,4,1,Low
647,36.16900025826596,11.245079497145626,3,9,Medium
648,39.86269372068754,6.48623029563875,1,4,Low
649,46.46457235010173,12.802355072406282,0,8,High
650,40.11187932246389,7.458800627213332,5,9,Medium
651,42.04496752131486,12.372056605451263,0,6,Low
652,35.79790605139808,12.847691998851372,3,3,Low
653,39.20900775771012,9.693532328679218,3,10,Medium
654,32.92907806613427,12.285625502031857,0,8,Low
655,38.65060086507964,10.853254255924305,3,3,Low
656,41.49374476387737,4.12622887285398,2,5,Medium
657,39.701170064657,7.792814357327252,1,5,Medium
658,45.593760536557724,8.739217427396893,3,10,High
659,37.92185747638672,13.293564684455905,0,7,Medium
660,39.48978957537279,7.992517191719655,3,7,Medium
661,30.085263085491945,10.272403575063967,0,6,Low
662,44.81054383166238,13.771111921682563,4,4,Medium
663,37.21809056349336,7.669876672244347,3,2,Low
664,38.347463711428574,13.827867548209074,4,3,Low
665,43.234013433763444,9.401478753676185,5,7,Medium
666,32.35162271130602,16.98293725413469,1,1,Low
667,43.75447599333192,11.300862126749804,2,5,Medium
668,43.58200420069821,11.47507654417956,4,7,Low
669,43.767460212640295,9.935723105549297,3,2,Medium
670,42.37238491822849,10.985769788012236,1,2,Low
671,35.075660683853684,7.7735898586842875,1,2,Low
672,35.846305275036386,11.560180490693966,5,9,Medium
673,39.167931549344786,11.18250931344609,5,5,Low
674,44.82270547270235,4.938932188101518,4,1,Medium
675,42.154819458442454,3.952234439452952,5,2,Medium
676,39.56567914341033,7.416215488935107,5,2,Low
677,51.62650825370669,16.974047375866228,5,7,High
678,46.107495606609575,9.697586769924103,3,2,Medium
679,30.959938406902282,13.278547256628372,0,3,Low
680,44.18111913500517,10.545298020751067,2,9,Medium
681,29.926763133701392,10.332411586582246,3,4,Low
682,41.91228461408821,13.93372068367766,3,4,Medium
683,37.012810289270504,8.009183548835527,5,4,Medium
684,39.653031004515626,7.98068755413502,4,6,Medium
685,48.55936725497529,5.5340036345345585,4,2,Medium
686,47.70235651726368,11.133267989914216,2,7,Medium
687,38.89977121275027,7.985323823551124,3,1,Low
688,40.426387059406444,8.447245533738494,1,3,Low
689,39.83138823953624,5.517143177293467,0,5,Medium
690,34.92626999721745,10.29936002891684,0,9,Low
691,39.31862301639857,8.305298256839128,4,10,Medium
692,37.58254728554888,6.995809657438406,0,6,Medium
693,49.1087331224501,13.126469108557142,5,2,Medium
694,35.80715755012098,9.036620435490711,3,2,Low
695,34.37385894662765,11.841440394720456,5,4,Low
696,38.70481725060105,5.29198826414898,4,1,Medium
697,45.86890980005492,13.284358073036568,0,8,Medium
698,41.27747876328457,11.286610771702389,4,1,Medium
699,37.96719323260646,5.082849890236079,4,7,Medium
700,38.19567128164973,8.809800988519715,1,7,Medium
701,41.49755602759194,8.216717154352617,0,3,Medium
702,31.725620806931524,13.77314031180504,0,3,Low
703,35.69808600334506,14.292285886301617,4,9,Medium
704,38.86103940801562,11.522542143242541,0,5,Medium
705,39.98737274494883,10.090489570206856,4,2,Medium
706,41.28703668007723,13.40170621239958,0,8,Medium
707,50.200912535385626,12.871882389590176,3,7,Medium
708,34.16675735555123,9.968537413438675,0,5,Low
709,36.35459897183854,6.766024189190567,3,9,Medium
710,41.964763313618654,7.773617287183215,1,9,Medium
711,35.500967299920916,16.28045292357517,4,5,Low
712,45.45455884965037,4.730013223802566,2,5,Medium
713,38.27400397803003,6.571884098428431,2,4,Low
714,48.064804457689604,12.280876918322088,1,7,High
715,31.005442046349852,8.553010152477755,0,10,Low
716,40.117588848483486,10.30764349814687,5,5,Low
717,37.854951381844906,10.215476027089336,1,4,Medium
718,35.75134567167207,9.571928896471642,4,7,Low
719,41.045306127117016,12.666363795229305,4,6,Medium
720,40.572750744880565,10.697539160003453,4,5,Medium
721,32.42816489941765,11.001135203302756,2,6,Low
722,44.98092678469315,13.8363421978672,2,8,Medium
723,41.6145134687109,11.076480428090886,0,8,Medium
724,33.35880276773402,11.399034005547444,2,1,Low
725,40.798300649755724,5.093820322982807,1,6,Medium
726,46.1195010737304,14.206834951350599,5,6,Medium
727,44.000492242936566,9.228237336111317,2,7,Medium
728,34.44992740510145,13.452506806471867,4,8,Low
729,42.96865582897893,8.27944945179718,3,1,Low
730,40.4379521004616,13.104373223972434,1,10,Medium
731,39.13560414248098,4.988033940395876,2,6,Medium
732,51.33170294398142,10.832658083165601,2,4,High
733,31.46949450152011,8.900370268911008,4,4,Low
734,39.7489079376944,8.40889060067969,3,4,Medium
735,45.0681595418921,10.453044867714125,1,4,Medium
736,38.260988998419386,7.398156071051391,4,3,Low
737,41.03012649051035,9.735163293646982,3,7,Medium
738,47.472776087350304,6.057828300363298,5,7,High
739,38.166867769816385,8.030159106681424,4,6,Low
740,36.14175586975068,8.170371353817078,0,1,Low
741,33.79509342454902,7.411443338628127,4,9,Medium
742,33.328015386268696,8.224235879020506,0,2,Low
743,39.1906223695743,7.4722682029019865,5,9,Medium
744,41.48987269758446,12.253143132687038,5,5,Medium
745,46.61316144450063,9.763189979989903,3,7,Medium
746,38.52406880274324,9.082800772480985,1,1,Medium
747,42.92924899258253,9.320177083967563,0,9,Medium
748,43.33013793316594,6.198781364522116,1,1,Medium
749,35.71522918679656,1.9182500978778148,4,2,Medium
750,32.13557903354467,11.03351993736339,0,10,Low
751,26.609360428035163,5.764617399045996,5,3,Low
752,46.43293566519463,8.220159499589437,2,7,Medium
753,37.9073875010069,16.136977499050253,1,3,Low
754,39.734370839028806,5.362583232407536,0,10,Medium
755,36.20164492077087,9.358064605071192,5,8,Low
756,44.799675293952276,9.598426752893689,1,9,Medium
757,42.07367504405029,6.243640774934718,2,4,Medium
758,43.809886107063086,6.7117300076989475,5,4,Low
759,36.625142275024515,15.723828559514931,2,8,Medium
760,45.839937434057745,8.043421472411717,1,2,Medium
761,44.055588794846884,3.885538186271959,0,9,High
762,45.33025080495705,11.647594903378803,2,2,Medium
763,37.455214216493964,13.205861344950353,2,9,Medium
764,43.49860043621511,10.92058034689544,3,3,Medium
765,54.20485787313468,8.671833997123308,0,5,High
766,38.110400664063924,7.285187162702318,3,9,Medium
767,33.213823183791845,9.492713155166102,0,1,Low
768,36.352877134855284,14.763364921297828,2,7,Low
769,48.40524664123687,11.19918212667702,3,9,High
770,43.108006245293794,6.140804266800424,4,8,Medium
771,36.56427842163338,10.576722847022127,0,8,Low
772,42.690410144307606,7.508341485346087,4,5,Medium
773,46.55038917569814,15.774474210295192,1,10,Medium
774,41.157875093301634,13.190802740442626,0,6,Medium
775,38.191065226632276,9.494753404770382,2,8,Medium
776,43.579129281635886,6.821728822761964,4,1,Medium
777,31.585156081763976,10.292505782525572,1,3,Medium
778,34.91291095575725,8.67452513507163,1,1,Low
779,46.80815348162278,7.770434209629344,3,5,Medium
780,41.05319350657502,12.642599312911077,3,4,Medium
781,34.40070112833556,8.261310599558875,1,5,Low
782,48.16241421302492,6.178806135245215,0,6,Medium
783,37.3108399889598,10.30217624066558,5,1,Low
784,42.35590106798634,10.5998619727159,5,10,Medium
785,47.014252920339594,10.117197670080824,4,10,Medium
786,42.01004980844737,7.725241620416569,5,6,Medium
787,34.5335378896106,9.075405909074725,3,1,Low
788,39.0228235666161,9.097268154363459,3,7,Medium
789,43.26432978917845,9.381032912400492,5,5,Medium
790,47.6557891190438,13.298116152663752,1,10,Medium
791,41.05082757105142,3.91440157025243,5,1,Medium
792,47.3884760185612,14.987713692233623,3,6,Medium
793,43.1312180794339,7.989015649308525,5,2,Medium
794,44.00461816687729,13.152368772318644,3,3,Medium
795,39.05359597457085,11.58083873496681,2,5,Low
796,42.86043642714121,6.037542766878135,0,7,Medium
797,50.621455711207986,9.104238407617888,4,3,Medium
798,52.40375436626198,7.8796288386606985,1,6,High
799,35.016724307169426,11.48013549265173,1,2,Low
800,37.82768418187862,6.9035673460590266,0,7,Medium
801,42.84242942481678,10.624298394040997,1,9,Medium
802,40.40719224779362,6.547093757913323,5,2,Medium
803,33.561115220692315,13.01777312642521,5,6,Medium
804,44.00047110603066,7.634820935051522,3,6,Medium
805,50.76947463776247,11.293819422180198,0,7,Medium
806,35.02529470136848,4.721305683363536,5,7,Medium
807,43.3224464001957,6.36658991449885,1,5,Medium
808,37.479670879809966,9.217245759165587,2,1,Low
809,37.42440906251319,9.054218327133666,3,6,Medium
810,42.58439102326413,8.299532281679873,5,10,Medium
811,39.11627124402617,14.789473044177347,5,4,Medium
812,31.31728059051529,11.92357897120242,0,1,Low
813,40.543560751690144,11.335787888145568,4,6,Low
814,39.49692564243926,8.392243791123382,4,3,Low
815,37.46219632392612,9.667294749740536,2,6,Low
816,36.36192493359371,13.046074536650394,5,5,Low
817,37.6146931968772,11.838524655594332,3,3,Low
818,43.51325795725052,11.640779974230416,4,6,Medium
819,37.17013941875163,3.8612357929093974,4,3,Medium
820,46.448448292894426,6.959631457155514,2,9,High
821,37.65240102050584,10.525289288400623,3,1,Low
822,36.638056752159194,5.921864477038619,5,2,Low
823,44.12408582879105,11.339338941251542,5,1,Low
824,50.19790461935514,9.127562315102999,5,1,Medium
825,49.88109073409616,14.163406131601523,4,9,Medium
826,26.507822825089605,14.08594171940519,4,6,Low
827,38.42852378894155,11.652094324767157,3,9,Medium
828,42.1615995306419,9.391251378881405,2,10,Medium
829,34.40368865610538,9.29023193872489,1,10,Medium
830,38.66219995308368,3.6302577683380166,3,5,Low
831,37.24631998579829,10.198069581432916,0,4,Low
832,42.3349516945425,10.32082543041052,5,1,Medium
833,35.614524953397684,6.7942638217347255,1,3,Low
834,47.14248964832409,9.97333134076864,2,9,High
835,40.32466520634136,14.05308416948025,5,3,Low
836,40.663956838302035,9.13652202867713,5,6,Medium
837,44.038719818955286,12.096829957727891,3,4,Medium
838,36.64935441763676,14.868965858405378,4,10,Low
839,30.150504919158998,9.726943294501247,3,7,Low
840,42.55273442995893,7.628656697344079,2,9,Medium
841,38.549066841389376,6.818743247162846,3,9,Medium
842,39.9845499702882,13.455359730891521,1,3,Medium
843,38.67142591231865,19.415849519738167,2,5,Low
844,42.51104985625805,9.43815022475473,1,2,Medium
845,44.07561281908889,5.3716630036528565,3,6,Medium
846,36.73725673043368,6.002892851991428,0,1,Medium
847,47.052206273363645,7.870838419012885,0,7,Medium
848,39.76720634101338,7.583015018538436,3,1,Medium
849,47.00715903169057,5.061561996449153,2,1,Medium
850,37.73981986379466,9.455869864296387,2,3,Low
851,36.825893886701735,6.691140644489629,1,5,Medium
852,41.908295506988686,6.024979742933138,1,5,Medium
853,41.10309430450595,13.625505524563277,3,7,Low
854,47.26290422036365,5.7280361714587755,2,4,Medium
855,39.44271845519865,12.552183211562431,2,10,Medium
856,38.89491563358156,11.24432107822993,1,10,Medium
857,37.93428042912092,10.190820999306778,4,1,Low
858,34.43028043336984,13.380293104137703,5,8,Low
859,40.338179314359614,8.981950184679446,5,8,Low
860,43.471961159616114,12.108990034081849,0,7,Medium
861,35.253963777217855,10.765085732796726,0,10,Medium
862,42.748420264589136,8.718154834944691,5,9,Medium
863,44.23328151010173,12.697453964130357,3,8,Medium
864,46.41578568026868,10.349842725325427,2,4,Medium
865,39.66785637117436,10.84084140552132,5,6,Medium
866,35.74991232921582,9.278854637924738,1,9,Medium
867,34.45541062555658,9.704068174544352,0,2,Medium
868,37.32801966675137,10.115416341045147,0,9,Medium
869,44.062513997522785,6.374450437299263,4,7,High
870,33.12927995236223,15.23768375667905,2,9,Medium
871,39.22194234159905,6.446512962858932,1,7,Medium
872,31.701241009926207,4.8886556085617405,3,10,Low
873,37.85480221353458,10.877682228494425,2,8,Medium
874,39.44328792188914,9.80201770996257,4,7,Medium
875,44.216000130030835,14.497056112797484,5,7,Medium
876,36.715377178893185,11.132600307886369,4,8,Low
877,46.34647466999865,12.078745723974073,4,9,Medium
878,44.38346101875543,11.542811275038241,4,5,Medium
879,48.16286677314941,14.960128286787977,2,5,Medium
880,41.20837213154874,10.136451886302812,3,6,Medium
881,39.61928931465565,11.650328659920385,2,1,Low
882,36.54551943576612,12.133771010327921,4,6,Low
883,42.00699217319759,7.087468260179181,3,3,Medium
884,44.644905332135465,6.0574296194843855,2,4,Medium
885,38.51886254223429,13.900874632636963,3,9,Medium
886,28.766537703694468,11.45575305968995,2,2,Low
887,42.31484040792086,10.346019298579884,1,5,Medium
888,44.22889372180104,9.388538188618766,4,4,Low
889,38.40358599082953,7.679310081230426,3,9,Medium
890,31.146787082665405,6.112080396128575,5,2,Low
891,40.286741525479655,10.614973752806263,5,2,Medium
892,45.80877737212779,14.257223168734907,3,10,Medium
893,45.703344616578406,7.92931002989752,4,6,Medium
894,41.50497890662219,14.837751070847744,3,9,Medium
895,42.54516079023906,12.657960421638014,1,3,Medium
896,43.280779253598986,7.2041917554688615,4,2,Medium
897,36.08376965439038,7.014604033924286,0,9,Medium
898,26.593512425547573,9.007075658061927,2,1,Low
899,43.09758327991992,10.43523874725067,1,1,Medium
900,30.861312464382344,10.883197011981467,4,9,Low
901,45.437157257575905,12.730113684012325,5,8,High
902,40.966756126138456,10.065272746690827,1,8,Medium
903,44.50064726580837,9.75652373790072,0,9,Medium
904,39.831029812812524,9.82468360498128,1,5,Medium
905,35.99309921150906,11.48327046991333,5,3,Low
906,41.43775327110391,14.878408672227419,1,6,Low
907,39.76639191684864,12.965341773239945,2,9,Medium
908,39.955817663499225,10.701122192395538,0,4,Medium
909,43.00172042947455,10.621232112319394,2,5,Medium
910,48.22741871286988,11.452104836784095,0,9,High
911,36.26840340879827,7.993476586823698,3,2,Low
912,47.602341545177325,12.83522419191624,2,3,Medium
913,41.00461691620116,13.977976520422772,5,4,Medium
914,46.782245746052844,12.144379719859685,0,4,Medium
915,33.461118199606005,3.4126091172920976,5,10,Medium
916,36.05836025806172,4.519802673844552,1,4,Low
917,38.889025066554964,11.718829160881171,3,7,Low
918,44.867588729957184,8.053185608976914,0,10,Medium
919,47.29527668615896,12.881593628433123,4,10,Medium
920,35.6018687622985,7.791263599675116,1,8,Low
921,47.868506844121576,12.22551015070103,0,7,Medium
922,43.03930820627452,8.87250045177026,5,7,Medium
923,38.24117528429488,11.853312687843527,0,1,Low
924,41.07245864680237,8.104292040908794,2,4,Medium
925,34.703999526103416,12.858812799337525,2,5,Medium
926,31.744391093006882,8.537504257703176,0,3,Low
927,39.70602481997903,10.070901222175843,2,5,Medium
928,48.18145783412156,11.033050089167908,4,3,Medium
929,39.80994842117452,10.885816615281009,4,10,Medium
930,38.970028580678175,6.4246175313015925,3,10,Medium
931,39.18469650394175,13.784887763126182,3,10,Medium
932,41.85308900555808,11.798362420539686,2,3,Medium
933,38.15594665223866,11.609511132403876,2,4,Low
934,39.33005918443563,14.538607748104592,4,7,Low
935,36.336020599451345,9.839092777389515,4,7,Medium
936,32.45350532431485,14.236975268914614,0,3,Low
937,38.84877563576215,11.055587078682263,0,1,Low
938,39.0171392172739,12.137717625764525,1,4,Medium
939,44.445429186194815,10.551931812219387,3,6,Medium
940,39.8276620106864,7.840136931470935,2,4,Medium
941,38.4846876888725,9.751475089787622,1,10,Medium
942,41.63011122802053,4.906173521445276,3,5,Medium
943,44.24808793046566,12.49515440471629,1,2,Medium
944,45.6616070172601,8.118752908994212,5,7,Medium
945,43.08029908459406,8.789063985831888,0,5,Medium
946,43.012877934432915,11.292444162994055,2,6,Low
947,33.8768539811742,7.424924600413423,1,4,Low
948,44.29461205689667,6.016611344778473,0,1,Medium
949,36.61681924833091,12.242859946156141,1,4,Medium
950,41.49081157122548,11.334524039714244,1,1,Medium
951,40.57375508101701,7.421478805785296,4,9,Medium
952,51.25642825673908,13.791891943573898,4,4,High
953,41.4313286781972,12.568290438277478,1,10,Medium
954,32.91433531436463,9.27104011305549,4,7,Low
955,39.258828759910344,12.011172992620873,4,2,Medium
956,31.372322515558906,12.37289978426789,3,1,Low
957,43.48239293853521,13.803607977558148,4,7,Medium
958,32.00577088673474,6.546075993880006,1,2,Low
959,44.03450238460135,15.189977323723316,0,1,Low
960,47.641939886682316,11.834768923332527,2,6,High
961,39.17503782988105,8.616638606940024,0,2,Low
962,38.47638736786133,10.319951632073295,2,8,Medium
963,36.88812033179866,11.940914119588033,2,7,Low
964,45.70300452632932,9.325130188888856,5,6,Medium
965,45.64126481912462,17.25855978446407,4,8,Medium
966,37.56287130010493,6.521723674516449,5,8,Medium
967,49.24589773642153,13.972375242927598,2,8,Medium
968,35.76466145731524,9.681707785624075,3,1,Low
969,35.722894931089286,12.834554930482833,0,1,Low
970,36.08494857666336,13.314948486121521,3,8,Low
971,45.6959352843405,8.62950022671988,2,5,Medium
972,36.42462406328265,15.258875003272134,2,9,Low
973,36.52983963169743,16.381202680465265,2,8,Low
974,36.86490494162611,8.55669362941435,2,7,Medium
975,42.65356269779057,12.239962325730056,1,3,Medium
976,37.6361777566258,7.631023967100949,2,8,Medium
977,41.05664032187611,13.090009171540549,2,1,Low
978,36.470419585182206,15.985794981062199,5,7,Low
979,37.64328521664053,2.481607994971421,3,7,Medium
980,46.23074976369,7.722165535533348,1,7,High
981,40.52807878679621,8.267775755664129,4,3,Medium
982,37.68253705682178,11.132390963456778,0,5,Medium
983,35.5491223505547,13.142558284119009,0,9,Low
984,35.65512613353331,13.79938538669641,1,7,Low
985,36.82718684423811,7.411377720055333,4,8,Medium
986,42.25699416430763,10.397819343375472,0,8,Medium
987,35.541449501338,11.258354329584039,5,9,Medium
988,34.984552079656204,9.940484144079104,5,3,Low
989,29.515618597761915,10.711805265659628,3,10,Low
990,37.52350652172282,9.069934278970058,5,1,Low
991,37.53869096129609,15.137761612154899,4,9,Medium
992,42.756436592344656,7.77597258899919,0,10,Medium
993,42.05257979318464,11.551733932347453,1,2,Medium
994,38.22021744009529,11.252625053145572,5,10,Medium
995,32.35500340787098,8.244125203491691,2,7,Low
996,32.7737127597446,9.187691261773427,2,9,Low
997,42.83818604195013,4.954099405450998,3,4,Medium
998,44.614726495600294,4.381804064084309,5,4,Medium
999,41.328139880296845,7.568530260727506,4,9,Medium
1000,38.06328055535829,8.768190417992352,0,10,Low
